Date,SOL_Price
2020-04-10,0.9510539770126343
2020-04-11,0.7768189907073975
2020-04-12,0.8825070261955261
2020-04-13,0.7778319716453552
2020-04-14,0.6619250178337097
2020-04-15,0.646651029586792
2020-04-16,0.6908159852027893
2020-04-17,0.6607279777526855
2020-04-18,0.6810960173606873
2020-04-19,0.6069689989089966
2020-04-20,0.538811981678009
2020-04-21,0.5876590013504028
2020-04-22,0.6916009783744812
2020-04-23,0.6274570226669312
2020-04-24,0.6342419981956482
2020-04-25,0.6433290243148804
2020-04-26,0.6355059742927551
2020-04-27,0.5723720192909241
2020-04-28,0.6612930297851562
2020-04-29,0.7458400130271912
2020-04-30,0.6910449862480164
2020-05-01,0.7287939786911011
2020-05-02,0.7158759832382202
2020-05-03,0.6795349717140198
2020-05-04,0.6674910187721252
2020-05-05,0.6418370008468628
2020-05-06,0.6225839853286743
2020-05-07,0.6129779815673828
2020-05-08,0.6049219965934753
2020-05-09,0.6045269966125488
2020-05-10,0.5370339751243591
2020-05-11,0.5152729749679565
2020-05-12,0.5385760068893433
2020-05-13,0.5505319833755493
2020-05-14,0.5691180229187012
2020-05-15,0.5597519874572754
2020-05-16,0.599120020866394
2020-05-17,0.6129890084266663
2020-05-18,0.6526700258255005
2020-05-19,0.6244540214538574
2020-05-20,0.5791559815406799
2020-05-21,0.6089149713516235
2020-05-22,0.6388750076293945
2020-05-23,0.6130310297012329
2020-05-24,0.5490530133247375
2020-05-25,0.6008570194244385
2020-05-26,0.5733069777488708
2020-05-27,0.5909850001335144
2020-05-28,0.5751550197601318
2020-05-29,0.5794150233268738
2020-05-30,0.5879330039024353
2020-05-31,0.5700219869613647
2020-06-01,0.5774949789047241
2020-06-02,0.5646690130233765
2020-06-03,0.5866209864616394
2020-06-04,0.5872989892959595
2020-06-05,0.6611549854278564
2020-06-06,0.6224430203437805
2020-06-07,0.6165779829025269
2020-06-08,0.6683130264282227
2020-06-09,0.6580020189285278
2020-06-10,0.6448670029640198
2020-06-11,0.5737419724464417
2020-06-12,0.5938689708709717
2020-06-13,0.608942985534668
2020-06-14,0.5870770215988159
2020-06-15,0.5706390142440796
2020-06-16,0.5855759978294373
2020-06-17,0.5815619826316833
2020-06-18,0.6209560036659241
2020-06-19,0.684332013130188
2020-06-20,0.6435909867286682
2020-06-21,0.6731489896774292
2020-06-22,0.7268480062484741
2020-06-23,0.7082970142364502
2020-06-24,0.7369940280914307
2020-06-25,0.7131940126419067
2020-06-26,0.7411440014839172
2020-06-27,0.7135480046272278
2020-06-28,0.7984949946403503
2020-06-29,0.8524540066719055
2020-06-30,0.8600940108299255
2020-07-01,0.8326420187950134
2020-07-02,0.7802190184593201
2020-07-03,0.7680929899215698
2020-07-04,0.7803720235824585
2020-07-05,0.6916639804840088
2020-07-06,0.7079079747200012
2020-07-07,0.7530480027198792
2020-07-08,0.7967129945755005
2020-07-09,0.8534529805183411
2020-07-10,0.9135599732398987
2020-07-11,0.9246240258216858
2020-07-12,1.0167160034179688
2020-07-13,1.175734043121338
2020-07-14,1.148074984550476
2020-07-15,1.289597988128662
2020-07-16,0.8724409937858582
2020-07-17,0.9778370261192322
2020-07-18,0.9665830135345459
2020-07-19,0.9203490018844604
2020-07-20,0.8730890154838562
2020-07-21,0.9771659970283508
2020-07-22,1.0440870523452759
2020-07-23,1.0498440265655518
2020-07-24,0.9953460097312927
2020-07-25,1.252223014831543
2020-07-26,1.5651099681854248
2020-07-27,1.7786359786987305
2020-07-28,1.7840670347213745
2020-07-29,1.6582889556884766
2020-07-30,1.6868070363998413
2020-07-31,1.5381779670715332
2020-08-01,1.526610016822815
2020-08-02,1.7428100109100342
2020-08-03,1.802610993385315
2020-08-04,1.8716390132904053
2020-08-05,1.7545499801635742
2020-08-06,2.206347942352295
2020-08-07,2.0859029293060303
2020-08-08,2.4736249446868896
2020-08-09,2.6652278900146484
2020-08-10,3.1317930221557617
2020-08-11,3.3034191131591797
2020-08-12,3.7697510719299316
2020-08-13,3.7559709548950195
2020-08-14,3.4093880653381348
2020-08-15,3.1837949752807617
2020-08-16,3.385653018951416
2020-08-17,3.0986080169677734
2020-08-18,3.3299760818481445
2020-08-19,2.899040937423706
2020-08-20,3.2082669734954834
2020-08-21,2.9436678886413574
2020-08-22,3.020885944366455
2020-08-23,3.3224310874938965
2020-08-24,3.3449859619140625
2020-08-25,3.264849901199341
2020-08-26,3.5583748817443848
2020-08-27,3.4450600147247314
2020-08-28,4.011393070220947
2020-08-29,3.968808889389038
2020-08-30,4.4358229637146
2020-08-31,4.782045841217041
2020-09-01,4.344515800476074
2020-09-02,4.1644721031188965
2020-09-03,3.5273399353027344
2020-09-04,3.5457940101623535
2020-09-05,2.5979158878326416
2020-09-06,3.086042881011963
2020-09-07,2.928528070449829
2020-09-08,2.4689769744873047
2020-09-09,3.636378049850464
2020-09-10,3.469836950302124
2020-09-11,3.4274280071258545
2020-09-12,3.332659959793091
2020-09-13,3.2258388996124268
2020-09-14,3.2691330909729004
2020-09-15,2.9391210079193115
2020-09-16,2.5453989505767822
2020-09-17,2.891874074935913
2020-09-18,3.1079399585723877
2020-09-19,3.028891086578369
2020-09-20,2.8709030151367188
2020-09-21,2.7825090885162354
2020-09-22,2.9155189990997314
2020-09-23,2.836756944656372
2020-09-24,3.1327149868011475
2020-09-25,3.1886119842529297
2020-09-26,3.1347029209136963
2020-09-27,3.152946949005127
2020-09-28,2.9566779136657715
2020-09-29,2.9464330673217773
2020-09-30,2.897876024246216
2020-10-01,2.861027956008911
2020-10-02,2.6260828971862793
2020-10-03,2.5473029613494873
2020-10-04,2.5159950256347656
2020-10-05,2.657644033432007
2020-10-06,2.1762499809265137
2020-10-07,2.2917959690093994
2020-10-08,2.365220069885254
2020-10-09,2.5398590564727783
2020-10-10,2.406090021133423
2020-10-11,2.4265780448913574
2020-10-12,2.5870718955993652
2020-10-13,2.404910087585449
2020-10-14,2.3146350383758545
2020-10-15,2.2664361000061035
2020-10-16,2.149385929107666
2020-10-17,2.201843023300171
2020-10-18,2.2142670154571533
2020-10-19,2.058079957962036
2020-10-20,1.8886719942092896
2020-10-21,1.8903779983520508
2020-10-22,1.9556529521942139
2020-10-23,1.960034966468811
2020-10-24,1.9118280410766602
2020-10-25,1.7874590158462524
2020-10-26,1.6854660511016846
2020-10-27,1.7102320194244385
2020-10-28,1.4900530576705933
2020-10-29,1.4289360046386719
2020-10-30,1.4413360357284546
2020-10-31,1.5406999588012695
2020-11-01,1.5998400449752808
2020-11-02,1.474071979522705
2020-11-03,1.4122339487075806
2020-11-04,1.3922549486160278
2020-11-05,1.4052180051803589
2020-11-06,1.9137400388717651
2020-11-07,2.031964063644409
2020-11-08,2.1565980911254883
2020-11-09,2.0286519527435303
2020-11-10,2.2479870319366455
2020-11-11,2.0021250247955322
2020-11-12,1.8991379737854004
2020-11-13,2.020792007446289
2020-11-14,1.9170160293579102
2020-11-15,2.04323410987854
2020-11-16,2.255354881286621
2020-11-17,2.202181100845337
2020-11-18,2.1150290966033936
2020-11-19,2.0767691135406494
2020-11-20,2.0953919887542725
2020-11-21,2.382205009460449
2020-11-22,2.1448450088500977
2020-11-23,2.276376962661743
2020-11-24,2.2679669857025146
2020-11-25,2.270034074783325
2020-11-26,1.9030369520187378
2020-11-27,1.8579490184783936
2020-11-28,1.8889349699020386
2020-11-29,1.915155053138733
2020-11-30,1.9668910503387451
2020-12-01,1.976307988166809
2020-12-02,2.115401029586792
2020-12-03,2.1003708839416504
2020-12-04,1.8559529781341553
2020-12-05,1.9787739515304565
2020-12-06,1.8542490005493164
2020-12-07,1.8311729431152344
2020-12-08,1.6653519868850708
2020-12-09,1.6623040437698364
2020-12-10,1.5741510391235352
2020-12-11,1.4445849657058716
2020-12-12,1.4909119606018066
2020-12-13,1.5654560327529907
2020-12-14,1.5916459560394287
2020-12-15,1.7606710195541382
2020-12-16,1.7835979461669922
2020-12-17,1.6786340475082397
2020-12-18,1.698799967765808
2020-12-19,1.6686509847640991
2020-12-20,1.5635759830474854
2020-12-21,1.5419150590896606
2020-12-22,1.4902859926223755
2020-12-23,1.2056920528411865
2020-12-24,1.3624080419540405
2020-12-25,1.445402979850769
2020-12-26,1.3242379426956177
2020-12-27,1.3030420541763306
2020-12-28,1.515684962272644
2020-12-29,1.6743450164794922
2020-12-30,1.5354570150375366
2020-12-31,1.5108979940414429
2021-01-01,1.8420840501785278
2021-01-02,1.7992750406265259
2021-01-03,2.1617519855499268
2021-01-04,2.4850969314575195
2021-01-05,2.157217025756836
2021-01-06,1.929216980934143
2021-01-07,2.3727450370788574
2021-01-08,3.2198870182037354
2021-01-09,3.3853819370269775
2021-01-10,3.466110944747925
2021-01-11,3.1080899238586426
2021-01-12,3.6133980751037598
2021-01-13,3.513782024383545
2021-01-14,3.2781639099121094
2021-01-15,3.2501609325408936
2021-01-16,3.4470551013946533
2021-01-17,3.81813907623291
2021-01-18,3.7955150604248047
2021-01-19,3.6418659687042236
2021-01-20,3.7235779762268066
2021-01-21,2.9905359745025635
2021-01-22,3.346229076385498
2021-01-23,3.5041120052337646
2021-01-24,3.634411096572876
2021-01-25,3.6999809741973877
2021-01-26,4.04734992980957
2021-01-27,3.690587043762207
2021-01-28,3.8220720291137695
2021-01-29,3.8346760272979736
2021-01-30,4.224276065826416
2021-01-31,4.264143943786621
2021-02-01,4.611601829528809
2021-02-02,5.267508029937744
2021-02-03,5.71599006652832
2021-02-04,6.426064968109131
2021-02-05,6.681719779968262
2021-02-06,6.110806941986084
2021-02-07,6.700462818145752
2021-02-08,7.8832502365112305
2021-02-09,7.816792964935303
2021-02-10,9.072214126586914
2021-02-11,9.215352058410645
2021-02-12,9.2470121383667
2021-02-13,8.732455253601074
2021-02-14,8.738896369934082
2021-02-15,8.861739158630371
2021-02-16,8.297866821289062
2021-02-17,8.222577095031738
2021-02-18,8.980451583862305
2021-02-19,11.465653419494629
2021-02-20,10.002663612365723
2021-02-21,11.0855131149292
2021-02-22,14.454785346984863
2021-02-23,15.2015380859375
2021-02-24,17.30270767211914
2021-02-25,13.816014289855957
2021-02-26,13.58794116973877
2021-02-27,13.201168060302734
2021-02-28,13.08924674987793
2021-03-01,14.955588340759277
2021-03-02,13.958921432495117
2021-03-03,14.115591049194336
2021-03-04,13.097983360290527
2021-03-05,12.610443115234375
2021-03-06,13.036458015441895
2021-03-07,13.877732276916504
2021-03-08,13.602188110351562
2021-03-09,14.84631061553955
2021-03-10,14.231083869934082
2021-03-11,15.992279052734375
2021-03-12,14.552142143249512
2021-03-13,15.308802604675293
2021-03-14,14.50826644897461
2021-03-15,14.186661720275879
2021-03-16,13.622773170471191
2021-03-17,14.220203399658203
2021-03-18,14.230025291442871
2021-03-19,14.204795837402344
2021-03-20,14.211980819702148
2021-03-21,14.332205772399902
2021-03-22,14.919293403625488
2021-03-23,14.20483112335205
2021-03-24,13.661297798156738
2021-03-25,13.02508544921875
2021-03-26,14.779420852661133
2021-03-27,16.50832176208496
2021-03-28,18.016233444213867
2021-03-29,18.854808807373047
2021-03-30,19.233924865722656
2021-03-31,19.465229034423828
2021-04-01,19.084901809692383
2021-04-02,19.810222625732422
2021-04-03,22.552276611328125
2021-04-04,24.061323165893555
2021-04-05,22.984283447265625
2021-04-06,24.95714569091797
2021-04-07,26.47808074951172
2021-04-08,27.033987045288086
2021-04-09,27.778274536132812
2021-04-10,26.84140396118164
2021-04-11,27.9318904876709
2021-04-12,28.512123107910156
2021-04-13,27.4355525970459
2021-04-14,26.47511100769043
2021-04-15,27.818313598632812
2021-04-16,25.39736557006836
2021-04-17,25.09987449645996
2021-04-18,32.30291748046875
2021-04-19,31.67589569091797
2021-04-20,31.77005386352539
2021-04-21,32.51304244995117
2021-04-22,38.8797607421875
2021-04-23,36.97842025756836
2021-04-24,40.7373161315918
2021-04-25,47.36762619018555
2021-04-26,43.97651672363281
2021-04-27,43.2390022277832
2021-04-28,44.825984954833984
2021-04-29,42.460540771484375
2021-04-30,42.95600128173828
2021-05-01,49.50802230834961
2021-05-02,46.890987396240234
2021-05-03,45.93368911743164
2021-05-04,42.729557037353516
2021-05-05,44.92357635498047
2021-05-06,43.4556770324707
2021-05-07,43.1550178527832
2021-05-08,45.56153106689453
2021-05-09,44.330196380615234
2021-05-10,42.90963363647461
2021-05-11,44.57746887207031
2021-05-12,42.45730972290039
2021-05-13,40.99785232543945
2021-05-14,42.717864990234375
2021-05-15,43.461307525634766
2021-05-16,47.200828552246094
2021-05-17,46.86320495605469
2021-05-18,55.91096115112305
2021-05-19,35.107181549072266
2021-05-20,44.74274826049805
2021-05-21,38.81285095214844
2021-05-22,31.315582275390625
2021-05-23,24.68874740600586
2021-05-24,31.283571243286133
2021-05-25,29.99707794189453
2021-05-26,35.539817810058594
2021-05-27,33.584590911865234
2021-05-28,29.039276123046875
2021-05-29,27.376420974731445
2021-05-30,28.602659225463867
2021-05-31,32.816246032714844
2021-06-01,30.985260009765625
2021-06-02,33.95631790161133
2021-06-03,39.47090530395508
2021-06-04,37.415069580078125
2021-06-05,39.58539962768555
2021-06-06,42.30837631225586
2021-06-07,38.262332916259766
2021-06-08,41.51781463623047
2021-06-09,42.031776428222656
2021-06-10,41.09867477416992
2021-06-11,36.046085357666016
2021-06-12,36.441688537597656
2021-06-13,38.77043533325195
2021-06-14,38.71305465698242
2021-06-15,41.153648376464844
2021-06-16,39.703617095947266
2021-06-17,39.264591217041016
2021-06-18,36.64879608154297
2021-06-19,35.35343551635742
2021-06-20,35.32201385498047
2021-06-21,26.657400131225586
2021-06-22,26.7718563079834
2021-06-23,30.048887252807617
2021-06-24,31.181034088134766
2021-06-25,28.698862075805664
2021-06-26,29.712854385375977
2021-06-27,31.929391860961914
2021-06-28,32.92778015136719
2021-06-29,33.86680221557617
2021-06-30,35.55640411376953
2021-07-01,33.40403366088867
2021-07-02,34.02048110961914
2021-07-03,34.478816986083984
2021-07-04,34.31060028076172
2021-07-05,32.984588623046875
2021-07-06,34.26913833618164
2021-07-07,36.59136962890625
2021-07-08,33.20372772216797
2021-07-09,33.2646484375
2021-07-10,31.788644790649414
2021-07-11,32.17784118652344
2021-07-12,30.848087310791016
2021-07-13,29.12118911743164
2021-07-14,31.2810001373291
2021-07-15,28.45210075378418
2021-07-16,26.37000846862793
2021-07-17,26.721668243408203
2021-07-18,26.751909255981445
2021-07-19,24.44757652282715
2021-07-20,23.48955535888672
2021-07-21,26.623079299926758
2021-07-22,27.70208168029785
2021-07-23,28.513879776000977
2021-07-24,28.702619552612305
2021-07-25,28.168773651123047
2021-07-26,28.306642532348633
2021-07-27,28.065326690673828
2021-07-28,27.815410614013672
2021-07-29,31.281137466430664
2021-07-30,32.393943786621094
2021-07-31,36.82731246948242
2021-08-01,34.25436019897461
2021-08-02,33.22241973876953
2021-08-03,33.99644088745117
2021-08-04,35.76362609863281
2021-08-05,37.35513687133789
2021-08-06,39.446102142333984
2021-08-07,39.403472900390625
2021-08-08,37.673824310302734
2021-08-09,38.767784118652344
2021-08-10,40.63979721069336
2021-08-11,41.74411392211914
2021-08-12,41.099361419677734
2021-08-13,44.894500732421875
2021-08-14,44.112850189208984
2021-08-15,53.74515914916992
2021-08-16,62.432464599609375
2021-08-17,64.21070861816406
2021-08-18,72.5433120727539
2021-08-19,72.75760650634766
2021-08-20,78.72461700439453
2021-08-21,73.75621032714844
2021-08-22,72.80391693115234
2021-08-23,75.70803833007812
2021-08-24,70.67090606689453
2021-08-25,71.95156860351562
2021-08-26,75.31620788574219
2021-08-27,88.08698272705078
2021-08-28,96.70317077636719
2021-08-29,94.46967315673828
2021-08-30,110.54480743408203
2021-08-31,108.48377227783203
2021-09-01,111.03300476074219
2021-09-02,128.10238647460938
2021-09-03,146.5830535888672
2021-09-04,139.11306762695312
2021-09-05,142.0708770751953
2021-09-06,164.38092041015625
2021-09-07,173.14892578125
2021-09-08,191.04139709472656
2021-09-09,188.19580078125
2021-09-10,179.865234375
2021-09-11,178.8678741455078
2021-09-12,174.53762817382812
2021-09-13,169.26954650878906
2021-09-14,158.09481811523438
2021-09-15,159.1173858642578
2021-09-16,152.47406005859375
2021-09-17,147.5930633544922
2021-09-18,169.18421936035156
2021-09-19,152.51669311523438
2021-09-20,132.13446044921875
2021-09-21,123.95039367675781
2021-09-22,147.92425537109375
2021-09-23,149.75357055664062
2021-09-24,139.39564514160156
2021-09-25,136.17892456054688
2021-09-26,135.69937133789062
2021-09-27,136.72842407226562
2021-09-28,131.53721618652344
2021-09-29,135.35145568847656
2021-09-30,141.0690460205078
2021-10-01,161.682373046875
2021-10-02,169.093017578125
2021-10-03,172.5891571044922
2021-10-04,166.73191833496094
2021-10-05,164.11582946777344
2021-10-06,154.1077423095703
2021-10-07,154.28118896484375
2021-10-08,158.94920349121094
2021-10-09,156.82583618164062
2021-10-10,148.0487060546875
2021-10-11,144.85813903808594
2021-10-12,152.73712158203125
2021-10-13,148.17604064941406
2021-10-14,149.75680541992188
2021-10-15,162.59620666503906
2021-10-16,157.538818359375
2021-10-17,159.74380493164062
2021-10-18,157.2312774658203
2021-10-19,156.01702880859375
2021-10-20,175.94686889648438
2021-10-21,190.3184356689453
2021-10-22,196.43153381347656
2021-10-23,197.703857421875
2021-10-24,202.3619842529297
2021-10-25,210.1042938232422
2021-10-26,199.8072509765625
2021-10-27,183.77459716796875
2021-10-28,194.86398315429688
2021-10-29,200.18275451660156
2021-10-30,195.4160614013672
2021-10-31,202.4210205078125
2021-11-01,203.5450897216797
2021-11-02,220.23959350585938
2021-11-03,242.89881896972656
2021-11-04,247.3877716064453
2021-11-05,236.47433471679688
2021-11-06,258.934326171875
2021-11-07,249.823486328125
2021-11-08,248.46717834472656
2021-11-09,239.213134765625
2021-11-10,233.77952575683594
2021-11-11,234.24075317382812
2021-11-12,228.50209045410156
2021-11-13,241.8250274658203
2021-11-14,238.42552185058594
2021-11-15,237.55360412597656
2021-11-16,219.23902893066406
2021-11-17,218.71524047851562
2021-11-18,195.48741149902344
2021-11-19,215.28001403808594
2021-11-20,218.01527404785156
2021-11-21,231.28262329101562
2021-11-22,215.73727416992188
2021-11-23,221.83689880371094
2021-11-24,214.92153930664062
2021-11-25,206.25299072265625
2021-11-26,191.51174926757812
2021-11-27,193.10215759277344
2021-11-28,200.67665100097656
2021-11-29,204.31936645507812
2021-11-30,208.67098999023438
2021-12-01,229.7992401123047
2021-12-02,233.9930419921875
2021-12-03,211.22439575195312
2021-12-04,201.1248321533203
2021-12-05,196.1682586669922
2021-12-06,194.19921875
2021-12-07,190.59690856933594
2021-12-08,194.6217041015625
2021-12-09,181.17808532714844
2021-12-10,167.954833984375
2021-12-11,171.94949340820312
2021-12-12,173.43167114257812
2021-12-13,155.2130584716797
2021-12-14,153.34144592285156
2021-12-15,178.34078979492188
2021-12-16,176.9546661376953
2021-12-17,175.5032958984375
2021-12-18,182.8351287841797
2021-12-19,180.09805297851562
2021-12-20,173.67178344726562
2021-12-21,180.09254455566406
2021-12-22,178.5971221923828
2021-12-23,190.03631591796875
2021-12-24,190.273193359375
2021-12-25,193.1209259033203
2021-12-26,198.000732421875
2021-12-27,195.42950439453125
2021-12-28,177.42562866210938
2021-12-29,170.65756225585938
2021-12-30,172.75119018554688
2021-12-31,170.299072265625
2022-01-01,178.5179443359375
2022-01-02,176.38284301757812
2022-01-03,170.29774475097656
2022-01-04,167.93890380859375
2022-01-05,155.0997314453125
2022-01-06,150.4313507080078
2022-01-07,136.40281677246094
2022-01-08,142.51345825195312
2022-01-09,140.83900451660156
2022-01-10,135.95494079589844
2022-01-11,140.18385314941406
2022-01-12,151.70310974121094
2022-01-13,146.01004028320312
2022-01-14,146.15902709960938
2022-01-15,147.80117797851562
2022-01-16,147.8565216064453
2022-01-17,139.92601013183594
2022-01-18,141.58718872070312
2022-01-19,135.79238891601562
2022-01-20,127.20528411865234
2022-01-21,111.96605682373047
2022-01-22,94.1783676147461
2022-01-23,99.5782241821289
2022-01-24,91.65016174316406
2022-01-25,94.72035217285156
2022-01-26,92.23804473876953
2022-01-27,89.63249206542969
2022-01-28,91.31289672851562
2022-01-29,96.2234878540039
2022-01-30,93.29767608642578
2022-01-31,99.73883819580078
2022-02-01,109.9789810180664
2022-02-02,101.83760070800781
2022-02-03,101.45903778076172
2022-02-04,112.17424774169922
2022-02-05,113.89430236816406
2022-02-06,115.29975891113281
2022-02-07,117.35514831542969
2022-02-08,113.5954818725586
2022-02-09,114.01937866210938
2022-02-10,106.20280456542969
2022-02-11,96.38188171386719
2022-02-12,95.91820526123047
2022-02-13,93.24410247802734
2022-02-14,96.43327331542969
2022-02-15,104.87330627441406
2022-02-16,101.93289947509766
2022-02-17,93.4104232788086
2022-02-18,90.06546020507812
2022-02-19,91.49665069580078
2022-02-20,90.90141296386719
2022-02-21,83.12316131591797
2022-02-22,86.46538543701172
2022-02-23,84.90278625488281
2022-02-24,89.19474792480469
2022-02-25,92.59882354736328
2022-02-26,90.14156341552734
2022-02-27,85.51905059814453
2022-02-28,99.52034759521484
2022-03-01,98.65355682373047
2022-03-02,100.6496353149414
2022-03-03,95.53919982910156
2022-03-04,88.24597930908203
2022-03-05,89.64784240722656
2022-03-06,84.54218292236328
2022-03-07,82.13006591796875
2022-03-08,82.2547607421875
2022-03-09,88.20206451416016
2022-03-10,82.9390869140625
2022-03-11,80.7449951171875
2022-03-12,81.55381774902344
2022-03-13,78.93607330322266
2022-03-14,81.17333984375
2022-03-15,82.95508575439453
2022-03-16,87.90362548828125
2022-03-17,87.87684631347656
2022-03-18,89.82203674316406
2022-03-19,92.41815185546875
2022-03-20,88.61486053466797
2022-03-21,88.7572021484375
2022-03-22,90.51296997070312
2022-03-23,95.1026840209961
2022-03-24,102.22369384765625
2022-03-25,98.6581039428711
2022-03-26,101.7641830444336
2022-03-27,107.08422088623047
2022-03-28,106.46525573730469
2022-03-29,111.71031188964844
2022-03-30,120.6994857788086
2022-03-31,122.66146087646484
2022-04-01,134.43093872070312
2022-04-02,132.19886779785156
2022-04-03,136.77532958984375
2022-04-04,132.41262817382812
2022-04-05,126.86223602294922
2022-04-06,112.88338470458984
2022-04-07,118.79651641845703
2022-04-08,109.8008804321289
2022-04-09,112.97279357910156
2022-04-10,111.74243927001953
2022-04-11,99.33910369873047
2022-04-12,103.30638885498047
2022-04-13,105.00194549560547
2022-04-14,100.70780181884766
2022-04-15,101.30977630615234
2022-04-16,102.25731658935547
2022-04-17,100.40969848632812
2022-04-18,102.15853118896484
2022-04-19,108.58203125
2022-04-20,105.49700164794922
2022-04-21,101.77613830566406
2022-04-22,100.61205291748047
2022-04-23,100.74443817138672
2022-04-24,99.23579406738281
2022-04-25,101.24763488769531
2022-04-26,95.78215026855469
2022-04-27,98.37886810302734
2022-04-28,98.18572998046875
2022-04-29,94.01134490966797
2022-04-30,85.09593200683594
2022-05-01,89.6715087890625
2022-05-02,87.58101654052734
2022-05-03,85.84237670898438
2022-05-04,92.7708511352539
2022-05-05,84.59602355957031
2022-05-06,81.76410675048828
2022-05-07,78.9834213256836
2022-05-08,75.22018432617188
2022-05-09,63.2696533203125
2022-05-10,66.76615142822266
2022-05-11,50.21084976196289
2022-05-12,44.683589935302734
2022-05-13,48.59355163574219
2022-05-14,52.4172248840332
2022-05-15,58.81126022338867
2022-05-16,53.646461486816406
2022-05-17,57.12562561035156
2022-05-18,49.75621032714844
2022-05-19,52.2139778137207
2022-05-20,49.538509368896484
2022-05-21,50.3179817199707
2022-05-22,52.75518035888672
2022-05-23,49.05685043334961
2022-05-24,49.65333557128906
2022-05-25,47.982425689697266
2022-05-26,43.4912109375
2022-05-27,40.981346130371094
2022-05-28,44.343162536621094
2022-05-29,44.90961456298828
2022-05-30,47.179443359375
2022-05-31,45.76784133911133
2022-06-01,40.26966857910156
2022-06-02,40.8913459777832
2022-06-03,38.259220123291016
2022-06-04,38.93144607543945
2022-06-05,38.480533599853516
2022-06-06,42.43313217163086
2022-06-07,39.43757247924805
2022-06-08,38.84336853027344
2022-06-09,39.97260665893555
2022-06-10,37.08976745605469
2022-06-11,33.82111740112305
2022-06-12,30.743270874023438
2022-06-13,28.19236183166504
2022-06-14,29.714618682861328
2022-06-15,34.48794174194336
2022-06-16,29.989742279052734
2022-06-17,30.742919921875
2022-06-18,31.80793571472168
2022-06-19,34.24374771118164
2022-06-20,35.4171142578125
2022-06-21,36.121158599853516
2022-06-22,34.12163543701172
2022-06-23,38.17523193359375
2022-06-24,42.2120475769043
2022-06-25,42.33281326293945
2022-06-26,39.40808868408203
2022-06-27,38.45125198364258
2022-06-28,35.326438903808594
2022-06-29,33.8739013671875
2022-06-30,33.588417053222656
2022-07-01,32.803070068359375
2022-07-02,33.35940933227539
2022-07-03,33.38593292236328
2022-07-04,36.785030364990234
2022-07-05,35.39555358886719
2022-07-06,37.07356262207031
2022-07-07,38.518306732177734
2022-07-08,38.286720275878906
2022-07-09,38.07196044921875
2022-07-10,36.697608947753906
2022-07-11,33.463600158691406
2022-07-12,32.75759506225586
2022-07-13,34.91093826293945
2022-07-14,37.10782241821289
2022-07-15,37.41592788696289
2022-07-16,39.57412338256836
2022-07-17,38.64472198486328
2022-07-18,43.746158599853516
2022-07-19,44.89987564086914
2022-07-20,42.09366989135742
2022-07-21,43.19059371948242
2022-07-22,40.61850357055664
2022-07-23,40.040977478027344
2022-07-24,41.00658416748047
2022-07-25,36.711997985839844
2022-07-26,36.190853118896484
2022-07-27,40.3078498840332
2022-07-28,42.84526824951172
2022-07-29,41.926998138427734
2022-07-30,43.755889892578125
2022-07-31,42.400203704833984
2022-08-01,41.78648376464844
2022-08-02,39.7545051574707
2022-08-03,38.54441833496094
2022-08-04,38.83067321777344
2022-08-05,40.561031341552734
2022-08-06,40.0570068359375
2022-08-07,40.6055908203125
2022-08-08,42.17055130004883
2022-08-09,40.372623443603516
2022-08-10,42.365867614746094
2022-08-11,42.8217887878418
2022-08-12,45.33475875854492
2022-08-13,46.485347747802734
2022-08-14,44.916568756103516
2022-08-15,43.82322311401367
2022-08-16,43.15880584716797
2022-08-17,40.403053283691406
2022-08-18,39.545230865478516
2022-08-19,35.8902587890625
2022-08-20,35.26973342895508
2022-08-21,36.533199310302734
2022-08-22,35.47438049316406
2022-08-23,35.6462516784668
2022-08-24,34.957916259765625
2022-08-25,35.316463470458984
2022-08-26,31.726362228393555
2022-08-27,31.54243278503418
2022-08-28,30.39228630065918
2022-08-29,32.46529769897461
2022-08-30,31.41205596923828
2022-08-31,31.47295570373535
2022-09-01,31.585678100585938
2022-09-02,31.227930068969727
2022-09-03,31.10948371887207
2022-09-04,32.106956481933594
2022-09-05,32.19464874267578
2022-09-06,30.891742706298828
2022-09-07,32.71091842651367
2022-09-08,33.608646392822266
2022-09-09,34.73976516723633
2022-09-10,35.12672805786133
2022-09-11,34.96596145629883
2022-09-12,37.4241828918457
2022-09-13,33.430816650390625
2022-09-14,34.09157180786133
2022-09-15,33.04768371582031
2022-09-16,32.208858489990234
2022-09-17,33.75077819824219
2022-09-18,31.05985450744629
2022-09-19,32.685302734375
2022-09-20,31.433040618896484
2022-09-21,30.826377868652344
2022-09-22,32.408905029296875
2022-09-23,33.6766357421875
2022-09-24,33.462650299072266
2022-09-25,32.33536148071289
2022-09-26,33.88055419921875
2022-09-27,32.75012969970703
2022-09-28,33.23543930053711
2022-09-29,33.952449798583984
2022-09-30,33.21244430541992
2022-10-01,32.46939468383789
2022-10-02,32.05569839477539
2022-10-03,32.967620849609375
2022-10-04,34.12247085571289
2022-10-05,34.073883056640625
2022-10-06,33.34281921386719
2022-10-07,33.00146484375
2022-10-08,32.57793426513672
2022-10-09,32.913883209228516
2022-10-10,31.970834732055664
2022-10-11,30.77686882019043
2022-10-12,31.165485382080078
2022-10-13,30.544519424438477
2022-10-14,30.007417678833008
2022-10-15,29.575347900390625
2022-10-16,30.168840408325195
2022-10-17,31.224876403808594
2022-10-18,30.164331436157227
2022-10-19,28.900798797607422
2022-10-20,28.08509635925293
2022-10-21,28.10867691040039
2022-10-22,28.01386260986328
2022-10-23,29.270071029663086
2022-10-24,28.3100643157959
2022-10-25,30.93997573852539
2022-10-26,31.28472137451172
2022-10-27,30.630624771118164
2022-10-28,32.111263275146484
2022-10-29,32.85712814331055
2022-10-30,32.9659309387207
2022-10-31,32.61103820800781
2022-11-01,32.2484245300293
2022-11-02,30.788076400756836
2022-11-03,30.84387969970703
2022-11-04,33.780853271484375
2022-11-05,36.76576232910156
2022-11-06,32.6835823059082
2022-11-07,29.60134506225586
2022-11-08,24.152936935424805
2022-11-09,13.94085693359375
2022-11-10,17.681407928466797
2022-11-11,16.326745986938477
2022-11-12,14.53900146484375
2022-11-13,13.164528846740723
2022-11-14,14.00135612487793
2022-11-15,14.301294326782227
2022-11-16,14.285508155822754
2022-11-17,13.638734817504883
2022-11-18,13.247496604919434
2022-11-19,12.851014137268066
2022-11-20,12.252833366394043
2022-11-21,11.846208572387695
2022-11-22,12.435625076293945
2022-11-23,14.35151195526123
2022-11-24,14.582350730895996
2022-11-25,14.063138008117676
2022-11-26,14.159193992614746
2022-11-27,14.115766525268555
2022-11-28,13.404518127441406
2022-11-29,13.369733810424805
2022-11-30,14.115445137023926
2022-12-01,13.480968475341797
2022-12-02,13.7156400680542
2022-12-03,13.302457809448242
2022-12-04,13.718218803405762
2022-12-05,13.8311128616333
2022-12-06,14.288854598999023
2022-12-07,13.5196533203125
2022-12-08,13.68922233581543
2022-12-09,13.580187797546387
2022-12-10,13.576995849609375
2022-12-11,13.427809715270996
2022-12-12,13.318544387817383
2022-12-13,13.833986282348633
2022-12-14,14.140525817871094
2022-12-15,14.02151107788086
2022-12-16,12.266606330871582
2022-12-17,12.504404067993164
2022-12-18,12.41312026977539
2022-12-19,11.932655334472656
2022-12-20,12.28051471710205
2022-12-21,12.128985404968262
2022-12-22,11.794829368591309
2022-12-23,11.786166191101074
2022-12-24,11.444275856018066
2022-12-25,11.387903213500977
2022-12-26,11.306611061096191
2022-12-27,11.085430145263672
2022-12-28,9.755906105041504
2022-12-29,9.651782989501953
2022-12-30,9.880176544189453
2022-12-31,9.961038589477539
2023-01-01,9.982172966003418
2023-01-02,11.272967338562012
2023-01-03,13.344045639038086
2023-01-04,13.435112953186035
2023-01-05,13.419329643249512
2023-01-06,13.52584171295166
2023-01-07,13.092267990112305
2023-01-08,14.31993293762207
2023-01-09,16.30246353149414
2023-01-10,16.19672393798828
2023-01-11,16.35941505432129
2023-01-12,16.619043350219727
2023-01-13,18.28844451904297
2023-01-14,24.24945831298828
2023-01-15,22.873306274414062
2023-01-16,23.577564239501953
2023-01-17,22.884063720703125
2023-01-18,20.85063362121582
2023-01-19,21.42676544189453
2023-01-20,25.54827117919922
2023-01-21,24.627838134765625
2023-01-22,24.232789993286133
2023-01-23,24.357807159423828
2023-01-24,22.795673370361328
2023-01-25,24.57144546508789
2023-01-26,24.350696563720703
2023-01-27,24.40785789489746
2023-01-28,23.981801986694336
2023-01-29,26.132387161254883
2023-01-30,23.946321487426758
2023-01-31,23.952547073364258
2023-02-01,24.993358612060547
2023-02-02,24.265058517456055
2023-02-03,24.680896759033203
2023-02-04,24.317745208740234
2023-02-05,23.493438720703125
2023-02-06,22.706388473510742
2023-02-07,23.861356735229492
2023-02-08,23.192670822143555
2023-02-09,20.45212745666504
2023-02-10,20.130109786987305
2023-02-11,20.830095291137695
2023-02-12,21.489978790283203
2023-02-13,20.79010009765625
2023-02-14,21.824953079223633
2023-02-15,23.883901596069336
2023-02-16,22.285951614379883
2023-02-17,23.166757583618164
2023-02-18,23.478591918945312
2023-02-19,24.84075164794922
2023-02-20,26.181386947631836
2023-02-21,24.948558807373047
2023-02-22,24.18134880065918
2023-02-23,23.900800704956055
2023-02-24,23.053035736083984
2023-02-25,22.523399353027344
2023-02-26,23.256088256835938
2023-02-27,22.692588806152344
2023-02-28,21.9163875579834
2023-03-01,22.506431579589844
2023-03-02,21.984878540039062
2023-03-03,21.39935302734375
2023-03-04,20.966838836669922
2023-03-05,20.97858428955078
2023-03-06,20.635011672973633
2023-03-07,20.244731903076172
2023-03-08,18.421194076538086
2023-03-09,17.308147430419922
2023-03-10,18.243642807006836
2023-03-11,18.22584342956543
2023-03-12,20.310531616210938
2023-03-13,20.433712005615234
2023-03-14,20.92803382873535
2023-03-15,19.29098129272461
2023-03-16,19.73054313659668
2023-03-17,21.62910270690918
2023-03-18,21.19590187072754
2023-03-19,21.90340232849121
2023-03-20,22.176464080810547
2023-03-21,22.618267059326172
2023-03-22,21.480485916137695
2023-03-23,22.216777801513672
2023-03-24,20.678855895996094
2023-03-25,20.446645736694336
2023-03-26,20.97551918029785
2023-03-27,19.921674728393555
2023-03-28,20.4706974029541
2023-03-29,21.111467361450195
2023-03-30,20.55104637145996
2023-03-31,21.170495986938477
2023-04-01,20.97564125061035
2023-04-02,20.536975860595703
2023-04-03,20.443050384521484
2023-04-04,20.924619674682617
2023-04-05,20.966007232666016
2023-04-06,20.61012840270996
2023-04-07,20.469940185546875
2023-04-08,20.036449432373047
2023-04-09,20.29946517944336
2023-04-10,20.882356643676758
2023-04-11,23.018827438354492
2023-04-12,23.985305786132812
2023-04-13,24.432308197021484
2023-04-14,24.772722244262695
2023-04-15,24.079378128051758
2023-04-16,25.361927032470703
2023-04-17,24.55884552001953
2023-04-18,24.852689743041992
2023-04-19,22.71283531188965
2023-04-20,22.181440353393555
2023-04-21,21.278135299682617
2023-04-22,21.816287994384766
2023-04-23,21.480138778686523
2023-04-24,21.391069412231445
2023-04-25,21.92725372314453
2023-04-26,21.28301239013672
2023-04-27,22.34011459350586
2023-04-28,23.366287231445312
2023-04-29,23.18299674987793
2023-04-30,22.832014083862305
2023-05-01,21.98663330078125
2023-05-02,22.264978408813477
2023-05-03,22.218002319335938
2023-05-04,21.730348587036133
2023-05-05,22.82611083984375
2023-05-06,21.974262237548828
2023-05-07,21.844228744506836
2023-05-08,20.65746307373047
2023-05-09,20.683645248413086
2023-05-10,20.953710556030273
2023-05-11,20.234880447387695
2023-05-12,20.911794662475586
2023-05-13,20.86876106262207
2023-05-14,20.953397750854492
2023-05-15,21.00718879699707
2023-05-16,20.679420471191406
2023-05-17,21.06839942932129
2023-05-18,20.348695755004883
2023-05-19,20.349870681762695
2023-05-20,20.285446166992188
2023-05-21,19.609437942504883
2023-05-22,19.54204559326172
2023-05-23,20.043182373046875
2023-05-24,19.223663330078125
2023-05-25,19.260662078857422
2023-05-26,19.36695671081543
2023-05-27,20.425233840942383
2023-05-28,20.7985782623291
2023-05-29,20.586509704589844
2023-05-30,21.25408363342285
2023-05-31,20.82450294494629
2023-06-01,20.50221824645996
2023-06-02,21.25759506225586
2023-06-03,21.15556526184082
2023-06-04,21.8189754486084
2023-06-05,20.07505989074707
2023-06-06,20.398483276367188
2023-06-07,18.6342830657959
2023-06-08,18.909475326538086
2023-06-09,17.37969970703125
2023-06-10,15.65610122680664
2023-06-11,15.558775901794434
2023-06-12,15.196707725524902
2023-06-13,15.018193244934082
2023-06-14,14.486572265625
2023-06-15,14.759472846984863
2023-06-16,15.30825424194336
2023-06-17,15.650521278381348
2023-06-18,15.43823528289795
2023-06-19,16.073041915893555
2023-06-20,16.635231018066406
2023-06-21,17.25704574584961
2023-06-22,16.642620086669922
2023-06-23,17.149534225463867
2023-06-24,16.652862548828125
2023-06-25,16.97138023376465
2023-06-26,16.27002716064453
2023-06-27,16.61964988708496
2023-06-28,15.98684310913086
2023-06-29,17.970457077026367
2023-06-30,18.897321701049805
2023-07-01,18.683902740478516
2023-07-02,19.453594207763672
2023-07-03,19.240537643432617
2023-07-04,19.14322853088379
2023-07-05,18.99286460876465
2023-07-06,19.729385375976562
2023-07-07,21.484664916992188
2023-07-08,21.859268188476562
2023-07-09,21.3490047454834
2023-07-10,21.31377601623535
2023-07-11,22.092933654785156
2023-07-12,21.977602005004883
2023-07-13,26.02569580078125
2023-07-14,26.7357177734375
2023-07-15,27.391355514526367
2023-07-16,27.384082794189453
2023-07-17,26.872766494750977
2023-07-18,25.544504165649414
2023-07-19,26.372352600097656
2023-07-20,25.375167846679688
2023-07-21,25.544267654418945
2023-07-22,24.535053253173828
2023-07-23,24.766815185546875
2023-07-24,23.38149070739746
2023-07-25,23.279321670532227
2023-07-26,25.177053451538086
2023-07-27,25.099336624145508
2023-07-28,24.84685707092285
2023-07-29,25.168973922729492
2023-07-30,24.261018753051758
2023-07-31,23.720956802368164
2023-08-01,23.99875259399414
2023-08-02,23.145721435546875
2023-08-03,22.636049270629883
2023-08-04,22.79361915588379
2023-08-05,22.632204055786133
2023-08-06,23.18569564819336
2023-08-07,23.068756103515625
2023-08-08,24.211763381958008
2023-08-09,24.37852668762207
2023-08-10,24.613052368164062
2023-08-11,24.582860946655273
2023-08-12,24.90673065185547
2023-08-13,24.24288558959961
2023-08-14,25.142822265625
2023-08-15,23.89658546447754
2023-08-16,22.811975479125977
2023-08-17,21.70997428894043
2023-08-18,21.335493087768555
2023-08-19,21.879037857055664
2023-08-20,21.77327537536621
2023-08-21,21.20825958251953
2023-08-22,20.546541213989258
2023-08-23,21.703624725341797
2023-08-24,21.033031463623047
2023-08-25,20.392719268798828
2023-08-26,20.280424118041992
2023-08-27,20.78683853149414
2023-08-28,20.557100296020508
2023-08-29,21.780763626098633
2023-08-30,20.834903717041016
2023-08-31,19.735092163085938
2023-09-01,19.327844619750977
2023-09-02,19.493743896484375
2023-09-03,19.578746795654297
2023-09-04,19.499408721923828
2023-09-05,20.272384643554688
2023-09-06,19.62002944946289
2023-09-07,19.890499114990234
2023-09-08,19.599044799804688
2023-09-09,19.44607162475586
2023-09-10,18.248830795288086
2023-09-11,17.739166259765625
2023-09-12,17.929826736450195
2023-09-13,18.402999877929688
2023-09-14,18.838306427001953
2023-09-15,19.16884422302246
2023-09-16,19.140369415283203
2023-09-17,18.831628799438477
2023-09-18,19.657245635986328
2023-09-19,20.03618812561035
2023-09-20,20.3049373626709
2023-09-21,19.47907066345215
2023-09-22,19.43814468383789
2023-09-23,19.47390365600586
2023-09-24,19.374290466308594
2023-09-25,19.40414047241211
2023-09-26,19.023286819458008
2023-09-27,19.130022048950195
2023-09-28,19.957616806030273
2023-09-29,20.300655364990234
2023-09-30,21.3951473236084
2023-10-01,23.83648681640625
2023-10-02,23.371700286865234
2023-10-03,23.55269432067871
2023-10-04,23.144786834716797
2023-10-05,22.694141387939453
2023-10-06,23.424453735351562
2023-10-07,23.287302017211914
2023-10-08,23.24642562866211
2023-10-09,22.118396759033203
2023-10-10,22.10511589050293
2023-10-11,22.00741958618164
2023-10-12,21.300268173217773
2023-10-13,21.834917068481445
2023-10-14,22.01171875
2023-10-15,21.922027587890625
2023-10-16,23.98295783996582
2023-10-17,23.959318161010742
2023-10-18,23.432138442993164
2023-10-19,24.93791961669922
2023-10-20,27.033674240112305
2023-10-21,29.386228561401367
2023-10-22,29.03668212890625
2023-10-23,31.850984573364258
2023-10-24,30.15153694152832
2023-10-25,32.46306610107422
2023-10-26,32.77549362182617
2023-10-27,31.73969841003418
2023-10-28,31.653318405151367
2023-10-29,32.822608947753906
2023-10-30,34.962337493896484
2023-10-31,38.51951599121094
2023-11-01,41.461544036865234
2023-11-02,40.20756912231445
2023-11-03,39.51976013183594
2023-11-04,42.346595764160156
2023-11-05,41.23860168457031
2023-11-06,42.12858963012695
2023-11-07,43.09254455566406
2023-11-08,43.18988800048828
2023-11-09,45.444828033447266
2023-11-10,56.64385223388672
2023-11-11,56.1026611328125
2023-11-12,56.15409851074219
2023-11-13,51.90705108642578
2023-11-14,56.838375091552734
2023-11-15,65.5344009399414
2023-11-16,57.871402740478516
2023-11-17,58.41593551635742
2023-11-18,58.512725830078125
2023-11-19,61.393558502197266
2023-11-20,56.53383255004883
2023-11-21,52.00047302246094
2023-11-22,57.588558197021484
2023-11-23,56.599369049072266
2023-11-24,56.86643981933594
2023-11-25,58.84648895263672
2023-11-26,57.6427001953125
2023-11-27,55.06462097167969
2023-11-28,58.19437026977539
2023-11-29,59.25012969970703
2023-11-30,59.24162292480469
2023-12-01,59.80399703979492
2023-12-02,63.83285903930664
2023-12-03,63.03996658325195
2023-12-04,61.526615142822266
2023-12-05,60.99483108520508
2023-12-06,61.902957916259766
2023-12-07,67.83782958984375
2023-12-08,75.00243377685547
2023-12-09,72.25760650634766
2023-12-10,74.70588684082031
2023-12-11,70.36717224121094
2023-12-12,68.54067993164062
2023-12-13,70.76778411865234
2023-12-14,75.62033081054688
2023-12-15,72.36898803710938
2023-12-16,73.47350311279297
2023-12-17,71.00051879882812
2023-12-18,74.34716033935547
2023-12-19,72.9897689819336
2023-12-20,82.19123077392578
2023-12-21,93.85481262207031
2023-12-22,98.00369262695312
2023-12-23,107.59423065185547
2023-12-24,112.48521423339844
2023-12-25,121.1464614868164
2023-12-26,112.6767349243164
2023-12-27,107.02379608154297
2023-12-28,102.10456848144531
2023-12-29,106.31151580810547
2023-12-30,101.84508514404297
2023-12-31,101.50582122802734
2024-01-01,109.50868225097656
2024-01-02,106.61122131347656
2024-01-03,98.59443664550781
2024-01-04,105.0775375366211
2024-01-05,99.97879028320312
2024-01-06,93.85771942138672
2024-01-07,89.2763442993164
2024-01-08,97.79044342041016
2024-01-09,99.40918731689453
2024-01-10,102.03302001953125
2024-01-11,99.90943908691406
2024-01-12,91.72090911865234
2024-01-13,95.73004913330078
2024-01-14,94.13314056396484
2024-01-15,94.49022674560547
2024-01-16,97.62691497802734
2024-01-17,102.0635986328125
2024-01-18,94.2509536743164
2024-01-19,93.38616943359375
2024-01-20,92.56983947753906
2024-01-21,90.84843444824219
2024-01-22,83.62281036376953
2024-01-23,84.27450561523438
2024-01-24,88.73200988769531
2024-01-25,86.88921356201172
2024-01-26,92.44236755371094
2024-01-27,94.16321563720703
2024-01-28,95.93798065185547
2024-01-29,101.56666564941406
2024-01-30,101.47297668457031
2024-01-31,97.0287094116211
2024-02-01,97.84669494628906
2024-02-02,100.44052124023438
2024-02-03,97.8799819946289
2024-02-04,95.47695922851562
2024-02-05,95.54866027832031
2024-02-06,96.86107635498047
2024-02-07,100.97927856445312
2024-02-08,102.78563690185547
2024-02-09,106.93333435058594
2024-02-10,109.1314697265625
2024-02-11,107.49528503417969
2024-02-12,111.99275207519531
2024-02-13,112.57930755615234
2024-02-14,116.97632598876953
2024-02-15,113.69940948486328
2024-02-16,110.44591522216797
2024-02-17,108.98401641845703
2024-02-18,112.17467498779297
2024-02-19,111.4853286743164
2024-02-20,108.45964050292969
2024-02-21,105.1252212524414
2024-02-22,101.66979217529297
2024-02-23,99.95469665527344
2024-02-24,104.1335220336914
2024-02-25,103.4534912109375
2024-02-26,109.91853332519531
2024-02-27,108.3880844116211
2024-02-28,118.05220031738281
2024-02-29,125.71151733398438
2024-03-01,129.9904022216797
2024-03-02,129.70018005371094
2024-03-03,130.45086669921875
2024-03-04,133.194580078125
2024-03-05,125.70671081542969
2024-03-06,130.7420196533203
2024-03-07,143.9778594970703
2024-03-08,145.2400360107422
2024-03-09,144.6072540283203
2024-03-10,144.5151824951172
2024-03-11,148.75096130371094
2024-03-12,151.01544189453125
2024-03-13,163.83981323242188
2024-03-14,176.67974853515625
2024-03-15,182.96469116210938
2024-03-16,181.88034057617188
2024-03-17,202.12356567382812
2024-03-18,195.9927520751953
2024-03-19,170.0162811279297
2024-03-20,191.54962158203125
2024-03-21,179.2207489013672
2024-03-22,174.36370849609375
2024-03-23,172.90225219726562
2024-03-24,183.57345581054688
2024-03-25,189.0835418701172
2024-03-26,190.69985961914062
2024-03-27,186.36146545410156
2024-03-28,189.6216278076172
2024-03-29,192.2279510498047
2024-03-30,194.3855438232422
2024-03-31,202.87413024902344
2024-04-01,192.5678253173828
2024-04-02,181.17225646972656
2024-04-03,185.2486114501953
2024-04-04,183.95811462402344
2024-04-05,174.5015106201172
2024-04-06,178.91534423828125
2024-04-07,179.6498565673828
2024-04-08,180.78477478027344
2024-04-09,172.4136199951172
2024-04-10,173.43736267089844
2024-04-11,172.5763702392578
2024-04-12,153.63546752929688
2024-04-13,139.34169006347656
2024-04-14,151.28494262695312
2024-04-15,138.5086212158203
2024-04-16,136.27932739257812
2024-04-17,131.86618041992188
2024-04-18,142.0823974609375
2024-04-19,142.6804962158203
2024-04-20,151.13356018066406
2024-04-21,148.60931396484375
2024-04-22,157.03121948242188
2024-04-23,154.70130920410156
2024-04-24,147.74514770507812
2024-04-25,144.89212036132812
2024-04-26,139.10433959960938
2024-04-27,141.28916931152344
2024-04-28,137.85641479492188
2024-04-29,137.7766571044922
2024-04-30,126.96270751953125
2024-05-01,134.6279754638672
2024-05-02,137.81448364257812
2024-05-03,143.77255249023438
2024-05-04,146.1350555419922
2024-05-05,145.71302795410156
2024-05-06,152.80239868164062
2024-05-07,148.1343231201172
2024-05-08,142.29473876953125
2024-05-09,152.84994506835938
2024-05-10,146.21690368652344
2024-05-11,145.3143768310547
2024-05-12,143.52081298828125
2024-05-13,147.28233337402344
2024-05-14,142.0303955078125
2024-05-15,158.18682861328125
2024-05-16,159.116455078125
2024-05-17,169.53054809570312
2024-05-18,172.5391387939453
2024-05-19,170.0913543701172
2024-05-20,186.52049255371094
2024-05-21,178.11614990234375
2024-05-22,176.86077880859375
2024-05-23,175.98577880859375
2024-05-24,167.7969207763672
2024-05-25,168.43763732910156
2024-05-26,163.3509063720703
2024-05-27,169.9961395263672
2024-05-28,168.65084838867188
2024-05-29,168.0726776123047
2024-05-30,166.97653198242188
2024-05-31,165.63771057128906
2024-06-01,166.03067016601562
2024-06-02,163.24990844726562
2024-06-03,164.9234619140625
2024-06-04,171.8019256591797
2024-06-05,173.48291015625
2024-06-06,170.01622009277344
2024-06-07,162.50704956054688
2024-06-08,157.96890258789062
2024-06-09,162.08360290527344
2024-06-10,158.9280242919922
2024-06-11,149.42898559570312
2024-06-12,155.1775665283203
2024-06-13,147.31442260742188
2024-06-14,143.0944366455078
2024-06-15,145.41221618652344
2024-06-16,151.12550354003906
2024-06-17,143.3342742919922
2024-06-18,137.50399780273438
2024-06-19,135.60960388183594
2024-06-20,133.47296142578125
2024-06-21,134.5883026123047
2024-06-22,133.6702423095703
2024-06-23,128.59042358398438
2024-06-24,132.24139404296875
2024-06-25,136.5592041015625
2024-06-26,136.60914611816406
2024-06-27,149.44837951660156
2024-06-28,139.70339965820312
2024-06-29,140.01014709472656
2024-06-30,146.49249267578125
2024-07-01,146.59506225585938
2024-07-02,153.7004852294922
2024-07-03,140.73141479492188
2024-07-04,127.55081939697266
2024-07-05,134.3693389892578
2024-07-06,143.24118041992188
2024-07-07,131.7740936279297
2024-07-08,139.4636993408203
2024-07-09,141.34844970703125
2024-07-10,141.97479248046875
2024-07-11,135.8832244873047
2024-07-12,139.52801513671875
2024-07-13,141.9249725341797
2024-07-14,147.622314453125
2024-07-15,159.93397521972656
2024-07-16,160.5518798828125
2024-07-17,155.5841064453125
2024-07-18,159.07241821289062
2024-07-19,169.1858673095703
2024-07-20,173.89178466796875
2024-07-21,184.54161071777344
2024-07-22,178.97828674316406
2024-07-23,172.757568359375
2024-07-24,178.0323028564453
2024-07-25,171.96307373046875
2024-07-26,183.13671875
2024-07-27,184.0854034423828
2024-07-28,184.88607788085938
2024-07-29,182.7805938720703
2024-07-30,179.10719299316406
2024-07-31,171.82615661621094
2024-08-01,167.672119140625
2024-08-02,152.6382293701172
2024-08-03,142.9219970703125
2024-08-04,138.05508422851562
2024-08-05,129.8643035888672
2024-08-06,144.09036254882812
2024-08-07,144.63209533691406
2024-08-08,162.9307403564453
2024-08-09,156.45721435546875
2024-08-10,153.95916748046875
2024-08-11,141.52685546875
2024-08-12,146.45423889160156
2024-08-13,146.7126922607422
2024-08-14,143.9234619140625
2024-08-15,142.74581909179688
2024-08-16,139.33056640625
2024-08-17,141.7985076904297
2024-08-18,142.58688354492188
2024-08-19,144.34368896484375
2024-08-20,143.16773986816406
2024-08-21,142.70960998535156
2024-08-22,143.2579345703125
2024-08-23,153.10708618164062
2024-08-24,160.73175048828125
2024-08-25,158.90911865234375
2024-08-26,157.23687744140625
2024-08-27,146.8970947265625
2024-08-28,143.89138793945312
2024-08-29,140.0540313720703
2024-08-30,138.09999084472656
2024-08-31,135.37425231933594
2024-09-01,128.6905517578125
2024-09-02,135.0023651123047
2024-09-03,127.57758331298828
2024-09-04,133.60391235351562
2024-09-05,129.32894897460938
2024-09-06,124.99007415771484
2024-09-07,127.72156524658203
2024-09-08,129.98951721191406
2024-09-09,135.02561950683594
2024-09-10,135.63522338867188
2024-09-11,132.4973907470703
2024-09-12,136.14190673828125
2024-09-13,139.1005401611328
2024-09-14,137.17977905273438
2024-09-15,131.4993896484375
2024-09-16,131.47259521484375
2024-09-17,131.53707885742188
2024-09-18,133.99185180664062
2024-09-19,142.83627319335938
2024-09-20,146.56680297851562
2024-09-21,149.52703857421875
2024-09-22,144.80364990234375
2024-09-23,144.8149871826172
2024-09-24,152.89215087890625
2024-09-25,148.02342224121094
2024-09-26,155.5760955810547
2024-09-27,157.74993896484375
2024-09-28,156.9124298095703
2024-09-29,158.62916564941406
2024-09-30,152.61846923828125
2024-10-01,145.28988647460938
2024-10-02,140.38555908203125
2024-10-03,136.78518676757812
2024-10-04,143.17227172851562
2024-10-05,142.7117462158203
2024-10-06,146.44236755371094
2024-10-07,143.99179077148438
2024-10-08,143.39442443847656
2024-10-09,139.31553649902344
2024-10-10,138.88841247558594
2024-10-11,145.3811492919922
2024-10-12,146.5002899169922
2024-10-13,147.5724334716797
2024-10-14,157.44512939453125
2024-10-15,154.7206268310547
2024-10-16,154.23422241210938
2024-10-17,150.31602478027344
2024-10-18,154.97593688964844
2024-10-19,159.6393585205078
2024-10-20,166.9398193359375
2024-10-21,166.2168731689453
2024-10-22,167.26014709472656
2024-10-23,170.9324951171875
2024-10-24,177.1569366455078
2024-10-25,164.75689697265625
2024-10-26,170.70596313476562
2024-10-27,176.5491943359375
2024-10-28,178.1049041748047
2024-10-29,179.36074829101562
2024-10-30,174.9249725341797
2024-10-31,168.42999267578125
2024-11-01,166.2621307373047
2024-11-02,166.01034545898438
2024-11-03,162.55130004882812
2024-11-04,157.74710083007812
2024-11-05,166.72239685058594
2024-11-06,186.9547882080078
2024-11-07,196.3345947265625
2024-11-08,199.9390106201172
2024-11-09,200.19491577148438
2024-11-10,210.6137237548828
2024-11-11,222.6416778564453
2024-11-12,212.2318115234375
2024-11-13,215.18455505371094
2024-11-14,209.2190704345703
2024-11-15,218.09490966796875
2024-11-16,215.8488311767578
2024-11-17,237.57553100585938
2024-11-18,239.79425048828125
2024-11-19,238.09754943847656
2024-11-20,235.4236602783203
2024-11-21,257.0658874511719
2024-11-22,256.5186767578125
2024-11-23,255.1785125732422
2024-11-24,252.91952514648438
2024-11-25,234.4466094970703
2024-11-26,230.9781951904297
2024-11-27,242.30221557617188
2024-11-28,237.76400756835938
2024-11-29,243.54949951171875
2024-11-30,237.74374389648438
2024-12-01,237.06993103027344
2024-12-02,225.75619506835938
2024-12-03,234.2003173828125
2024-12-04,229.11929321289062
2024-12-05,233.9987030029297
2024-12-06,237.0510711669922
2024-12-07,238.54795837402344
2024-12-08,236.67233276367188
2024-12-09,217.34146118164062
2024-12-10,213.82461547851562
2024-12-11,227.44683837890625
2024-12-12,227.02671813964844
2024-12-13,224.83729553222656
2024-12-14,219.84075927734375
2024-12-15,223.6576690673828
2024-12-16,216.3349609375
2024-12-17,222.8167266845703
2024-12-18,206.38174438476562
2024-12-19,194.28451538085938
2024-12-20,194.2081756591797
2024-12-21,181.30145263671875
2024-12-22,180.16891479492188
2024-12-23,189.75369262695312
2024-12-24,196.98902893066406
2024-12-25,197.4790802001953
2024-12-26,188.21810913085938
2024-12-27,183.82847595214844
2024-12-28,195.01353454589844
2024-12-29,189.7442626953125
2024-12-30,191.02804565429688
2024-12-31,189.2644805908203
2025-01-01,193.8737335205078
2025-01-02,207.7670440673828
2025-01-03,217.74732971191406
2025-01-04,216.6229248046875
2025-01-05,213.3936309814453
2025-01-06,218.72312927246094
2025-01-07,202.23025512695312
2025-01-08,197.55905151367188
2025-01-09,185.02528381347656
