Date,LTC_Price,LTC_Volume
2019-08-01,99.17972564697266,2953184689
2019-08-02,94.94129180908203,2882784454
2019-08-03,94.58087921142578,2512959054
2019-08-04,93.20378112792969,2427608117
2019-08-05,96.83464813232422,4134352823
2019-08-06,93.06971740722656,3245339849
2019-08-07,90.91259765625,3105989436
2019-08-08,90.03160858154297,3034717882
2019-08-09,84.43937683105469,3003278177
2019-08-10,85.41947937011719,3088060147
2019-08-11,89.75267028808594,3025787942
2019-08-12,85.74922943115234,2716187719
2019-08-13,84.40614318847656,2681787838
2019-08-14,76.06498718261719,3093090406
2019-08-15,76.38897705078125,3654075558
2019-08-16,74.92015075683594,3016089036
2019-08-17,72.79772186279297,2482385549
2019-08-18,76.26995086669922,2743241606
2019-08-19,77.26319122314453,2346796021
2019-08-20,75.19656372070312,2430165429
2019-08-21,72.96495056152344,2878567011
2019-08-22,73.59859466552734,2908864703
2019-08-23,75.40281677246094,2496513401
2019-08-24,73.46361541748047,2191973575
2019-08-25,72.30814361572266,2227400267
2019-08-26,73.857177734375,3046136697
2019-08-27,72.83622741699219,2489689274
2019-08-28,67.42554473876953,2883041616
2019-08-29,64.09805297851562,3092332444
2019-08-30,64.33297729492188,2377466438
2019-08-31,64.5760498046875,2283340831
2019-09-01,66.14472198486328,2228146663
2019-09-02,66.94495391845703,2400017919
2019-09-03,69.12925720214844,2816706430
2019-09-04,67.28562927246094,2696779274
2019-09-05,65.39556884765625,2379080140
2019-09-06,65.22820281982422,2595201216
2019-09-07,69.03871154785156,2763572250
2019-09-08,70.54936981201172,2776939870
2019-09-09,70.1922378540039,2654086135
2019-09-10,70.82339477539062,2893715133
2019-09-11,69.9221420288086,2569282757
2019-09-12,69.2250747680664,2316445209
2019-09-13,68.98861694335938,2368931048
2019-09-14,70.56230163574219,2439744085
2019-09-15,70.31517791748047,2330572400
2019-09-16,72.57311248779297,2652253522
2019-09-17,74.22122955322266,3104946341
2019-09-18,77.96913146972656,3665577129
2019-09-19,77.05962371826172,3778427056
2019-09-20,75.14909362792969,3148504140
2019-09-21,73.51652526855469,2572614027
2019-09-22,72.61611938476562,2494428147
2019-09-23,66.85189056396484,3215899051
2019-09-24,55.823638916015625,3919809840
2019-09-25,57.65800857543945,3360298410
2019-09-26,55.540618896484375,2663433163
2019-09-27,56.36084747314453,2324084589
2019-09-28,55.682247161865234,1975938676
2019-09-29,54.31954574584961,1825233237
2019-09-30,56.056907653808594,2241248501
2019-10-01,56.058074951171875,2325767310
2019-10-02,56.50892639160156,2113331224
2019-10-03,56.54681396484375,2221643896
2019-10-04,56.85321044921875,2292624175
2019-10-05,56.8438720703125,2063875681
2019-10-06,55.41156768798828,2381501439
2019-10-07,57.788299560546875,2891486029
2019-10-08,57.39858627319336,2417116506
2019-10-09,59.43086624145508,2790624239
2019-10-10,57.776084899902344,2440262585
2019-10-11,56.29697036743164,2441054545
2019-10-12,55.98286819458008,2098404880
2019-10-13,56.71399688720703,2235957909
2019-10-14,56.97540283203125,2243495397
2019-10-15,54.94420623779297,2602960066
2019-10-16,52.9231071472168,2978803244
2019-10-17,54.88447570800781,2925315824
2019-10-18,53.49169158935547,2683486531
2019-10-19,54.03457260131836,2453091268
2019-10-20,54.93437957763672,2612273453
2019-10-21,54.938297271728516,2727253951
2019-10-22,53.744361877441406,2490194232
2019-10-23,49.62795639038086,3077488277
2019-10-24,50.067665100097656,2650862714
2019-10-25,56.93901062011719,3770902916
2019-10-26,56.77525329589844,5234627157
2019-10-27,59.91399002075195,4218140032
2019-10-28,58.12683868408203,3793848576
2019-10-29,59.869625091552734,3582210705
2019-10-30,58.42097091674805,3387114095
2019-10-31,58.78068542480469,3165801278
2019-11-01,58.58364486694336,3425154368
2019-11-02,58.59702682495117,3353942166
2019-11-03,58.62519073486328,3259935586
2019-11-04,61.573055267333984,4164854559
2019-11-05,63.302764892578125,4725921529
2019-11-06,64.26874542236328,3755244863
2019-11-07,61.843223571777344,3557191963
2019-11-08,60.5299186706543,3414910991
2019-11-09,61.9547119140625,2849228741
2019-11-10,63.84146499633789,3611586094
2019-11-11,61.89910888671875,3033016472
2019-11-12,61.34029769897461,3333604208
2019-11-13,61.11134719848633,3094050321
2019-11-14,59.429893493652344,3040274519
2019-11-15,57.811710357666016,3195878562
2019-11-16,58.56543731689453,2841793395
2019-11-17,59.57322692871094,3215100478
2019-11-18,56.80094909667969,3131873188
2019-11-19,55.623985290527344,3030389859
2019-11-20,55.290924072265625,2858714058
2019-11-21,50.883052825927734,3158748317
2019-11-22,47.615535736083984,3734545939
2019-11-23,48.70648956298828,2746902870
2019-11-24,44.73422622680664,2709705879
2019-11-25,45.83033752441406,3408224795
2019-11-26,47.27334213256836,2659405400
2019-11-27,48.00880432128906,2979663352
2019-11-28,47.056949615478516,2662459127
2019-11-29,48.87915802001953,2944492393
2019-11-30,47.47542953491211,2678481167
2019-12-01,47.7111701965332,2781413686
2019-12-02,45.8170166015625,2680452035
2019-12-03,45.3816032409668,2557212174
2019-12-04,45.19295120239258,2951880019
2019-12-05,45.301639556884766,2818768679
2019-12-06,45.67012023925781,2585078804
2019-12-07,45.6404914855957,2380335463
2019-12-08,45.952945709228516,2266427857
2019-12-09,44.93924331665039,2473452708
2019-12-10,44.64424133300781,2349745528
2019-12-11,43.94569778442383,2507211954
2019-12-12,44.08216857910156,2740797932
2019-12-13,44.45058059692383,2766557274
2019-12-14,43.72218704223633,2721787991
2019-12-15,43.75682830810547,2668105124
2019-12-16,40.37425994873047,3046141449
2019-12-17,37.08342742919922,3283924746
2019-12-18,40.77854537963867,3845534650
2019-12-19,39.92029571533203,3173676635
2019-12-20,40.290157318115234,2778859161
2019-12-21,39.996829986572266,2655178488
2019-12-22,41.96519088745117,3141032976
2019-12-23,40.84747314453125,3163414128
2019-12-24,40.678016662597656,2860933776
2019-12-25,40.62956237792969,2773383486
2019-12-26,40.26603698730469,2848923906
2019-12-27,41.17817306518555,2949759036
2019-12-28,42.84252166748047,3260638656
2019-12-29,43.670658111572266,3573796558
2019-12-30,42.747337341308594,3330795171
2019-12-31,41.34007263183594,3015923778
2020-01-01,42.01771926879883,2782992323
2020-01-02,39.82301330566406,2759827139
2020-01-03,42.41557312011719,3260961326
2020-01-04,43.32660675048828,2843192897
2020-01-05,43.55320739746094,3017148033
2020-01-06,45.81635284423828,3349237768
2020-01-07,46.424583435058594,3611521907
2020-01-08,45.65376663208008,3633957130
2020-01-09,45.2159309387207,2986327757
2020-01-10,48.72732925415039,3808140302
2020-01-11,49.26376724243164,3915781115
2020-01-12,51.08073806762695,3858852964
2020-01-13,49.733768463134766,3336204744
2020-01-14,58.478233337402344,5729547956
2020-01-15,58.05284881591797,5070738793
2020-01-16,57.618255615234375,4347723835
2020-01-17,61.487125396728516,5067456613
2020-01-18,59.40864562988281,4426051530
2020-01-19,57.80069351196289,4197776579
2020-01-20,57.20326232910156,3306438947
2020-01-21,57.64788055419922,3130143642
2020-01-22,58.3547248840332,3076205980
2020-01-23,54.6302604675293,3348002983
2020-01-24,54.53178787231445,3532776556
2020-01-25,53.69778823852539,2938756558
2020-01-26,56.21271514892578,3283750798
2020-01-27,58.763267517089844,3832184228
2020-01-28,60.671817779541016,4220742210
2020-01-29,60.07793426513672,3894445882
2020-01-30,68.15906524658203,6042169957
2020-01-31,67.8794937133789,5718104791
2020-02-01,70.82001495361328,6009767449
2020-02-02,70.2315444946289,5482993030
2020-02-03,69.78022003173828,4965069690
2020-02-04,68.1957778930664,4449652117
2020-02-05,72.49310302734375,5169585841
2020-02-06,73.38868713378906,5463272394
2020-02-07,74.35611724853516,5051951258
2020-02-08,76.46756744384766,5496860399
2020-02-09,77.09258270263672,5145711108
2020-02-10,74.33509826660156,5373709984
2020-02-11,76.59739685058594,4742120918
2020-02-12,81.29744720458984,5701884854
2020-02-13,80.40342712402344,6579062946
2020-02-14,82.99034881591797,5382846670
2020-02-15,76.51324462890625,5612667760
2020-02-16,75.152587890625,6186098306
2020-02-17,73.25130462646484,5593944695
2020-02-18,77.0351791381836,5600214717
2020-02-19,71.13594055175781,5298677185
2020-02-20,69.62484741210938,5500324693
2020-02-21,73.45092010498047,5579449656
2020-02-22,75.1330795288086,5547090434
2020-02-23,79.53665161132812,5702486428
2020-02-24,75.5356216430664,6355612214
2020-02-25,71.18024444580078,5755711246
2020-02-26,61.01430892944336,6518313483
2020-02-27,61.50788497924805,5649302854
2020-02-28,59.76395797729492,5266399749
2020-02-29,58.54326248168945,4168117352
2020-03-01,57.956687927246094,4317287191
2020-03-02,60.995548248291016,5309970238
2020-03-03,61.14447784423828,5412760345
2020-03-04,60.38241958618164,4429853608
2020-03-05,62.04545974731445,4712202709
2020-03-06,63.02560043334961,4766934524
2020-03-07,60.54631042480469,4258036532
2020-03-08,51.728599548339844,4523736331
2020-03-09,50.168148040771484,5097423294
2020-03-10,50.25638961791992,3945792927
2020-03-11,48.463783264160156,3807551814
2020-03-12,30.930883407592773,5417383296
2020-03-13,37.43795394897461,7552238198
2020-03-14,34.39658737182617,3270465986
2020-03-15,36.43709182739258,3434485463
2020-03-16,32.876216888427734,4079630236
2020-03-17,33.56386947631836,3289527849
2020-03-18,33.68417739868164,3170415992
2020-03-19,39.07376480102539,4157185543
2020-03-20,38.131954193115234,4537692970
2020-03-21,38.34232711791992,3438721430
2020-03-22,35.628055572509766,3148219029
2020-03-23,38.76576614379883,3598154774
2020-03-24,40.49064636230469,3331925793
2020-03-25,39.151222229003906,3133347522
2020-03-26,40.16059875488281,2827963692
2020-03-27,38.91847610473633,2962853270
2020-03-28,38.873756408691406,3119837445
2020-03-29,37.332542419433594,2683734233
2020-03-30,39.13829040527344,3318334905
2020-03-31,39.299102783203125,3359087002
2020-04-01,39.38081359863281,3303999600
2020-04-02,39.874168395996094,3985953572
2020-04-03,40.359134674072266,3482692346
2020-04-04,40.67555618286133,3229457622
2020-04-05,40.67013931274414,3084146015
2020-04-06,44.39112091064453,4287968687
2020-04-07,44.667930603027344,4391267713
2020-04-08,46.31985855102539,3831132142
2020-04-09,46.384979248046875,3628019378
2020-04-10,42.269813537597656,4008964133
2020-04-11,42.31909942626953,3374908252
2020-04-12,42.450286865234375,3639638078
2020-04-13,41.204341888427734,3998289644
2020-04-14,41.05384063720703,3713345006
2020-04-15,39.58906936645508,3696959521
2020-04-16,42.68901824951172,4985504369
2020-04-17,42.74503707885742,4096625538
2020-04-18,44.36289596557617,4508378329
2020-04-19,42.63475036621094,4563334114
2020-04-20,40.82838439941406,4293209435
2020-04-21,41.04014205932617,3954491838
2020-04-22,41.887413024902344,4029531589
2020-04-23,42.93721389770508,4757478698
2020-04-24,44.81045150756836,4786600723
2020-04-25,44.714908599853516,4769855704
2020-04-26,44.6890869140625,4687873111
2020-04-27,44.71006393432617,4473729902
2020-04-28,46.02870178222656,4413476561
2020-04-29,49.18130111694336,5673988960
2020-04-30,46.714019775390625,5724477325
2020-05-01,47.79170227050781,4581731065
2020-05-02,49.458045959472656,4453777871
2020-05-03,48.26715850830078,4667453994
2020-05-04,47.47349166870117,4488284400
2020-05-05,46.78725814819336,4187625277
2020-05-06,45.942867279052734,4575858023
2020-05-07,47.330116271972656,5080727910
2020-05-08,47.88221740722656,4780707207
2020-05-09,47.27418518066406,4740601428
2020-05-10,42.36762619018555,5783062532
2020-05-11,41.6999626159668,5121746343
2020-05-12,42.111881256103516,4734936547
2020-05-13,43.134559631347656,4565388581
2020-05-14,43.945335388183594,5023559798
2020-05-15,42.833980560302734,4340414828
2020-05-16,43.21289825439453,3879155974
2020-05-17,43.64083480834961,3901110454
2020-05-18,45.201072692871094,4473025831
2020-05-19,45.38361358642578,3612370257
2020-05-20,44.17212677001953,3448255432
2020-05-21,42.74270248413086,3143718509
2020-05-22,44.20758056640625,2908274408
2020-05-23,44.033119201660156,2576920703
2020-05-24,42.44889450073242,2656112321
2020-05-25,42.946128845214844,2701310002
2020-05-26,42.43205642700195,2475471673
2020-05-27,43.86143112182617,2757608482
2020-05-28,44.758697509765625,2743046058
2020-05-29,44.6524658203125,2632197768
2020-05-30,47.538631439208984,2852777896
2020-05-31,45.59188461303711,2637761668
2020-06-01,48.1252326965332,3035652544
2020-06-02,45.92351531982422,3060955005
2020-06-03,47.17289352416992,2691495449
2020-06-04,47.637596130371094,2697436350
2020-06-05,47.05314636230469,2551367878
2020-06-06,46.731956481933594,2160092222
2020-06-07,46.66800308227539,2385218875
2020-06-08,46.47397232055664,2357747091
2020-06-09,46.06941223144531,2141209283
2020-06-10,46.67997741699219,2146762421
2020-06-11,43.51470947265625,2554226325
2020-06-12,44.82805252075195,2260548556
2020-06-13,45.09455871582031,1739835590
2020-06-14,44.08452606201172,1782403292
2020-06-15,43.9142951965332,2090717318
2020-06-16,43.87725830078125,1841455099
2020-06-17,44.03235626220703,1996899442
2020-06-18,43.56013107299805,1576467272
2020-06-19,42.679832458496094,1712639222
2020-06-20,43.3468132019043,1500492583
2020-06-21,43.08744430541992,1362753187
2020-06-22,44.18800354003906,1659721584
2020-06-23,44.17927932739258,1365925951
2020-06-24,42.84382629394531,1493695398
2020-06-25,42.56352996826172,1311840193
2020-06-26,43.32078552246094,1714646169
2020-06-27,41.55556106567383,1453347400
2020-06-28,41.408267974853516,1337385786
2020-06-29,41.85103225708008,1668680719
2020-06-30,41.46779251098633,1390313389
2020-07-01,41.69924545288086,1220528740
2020-07-02,41.48573303222656,1339074369
2020-07-03,41.205135345458984,1122905126
2020-07-04,42.066532135009766,1173145659
2020-07-05,41.59807586669922,1170070065
2020-07-06,43.96349334716797,1743603778
2020-07-07,43.3182487487793,1360983976
2020-07-08,45.20074462890625,2161892498
2020-07-09,44.53745651245117,1985305536
2020-07-10,44.246116638183594,1840301462
2020-07-11,44.67707824707031,1764984238
2020-07-12,44.63610076904297,1598865182
2020-07-13,43.919795989990234,1724704950
2020-07-14,43.80286407470703,1882872130
2020-07-15,43.278953552246094,1809900342
2020-07-16,42.035438537597656,1543731673
2020-07-17,41.91281509399414,1336746650
2020-07-18,42.425865173339844,1141296421
2020-07-19,42.552730560302734,1140767149
2020-07-20,41.97581100463867,1152077279
2020-07-21,43.61614990234375,1384220462
2020-07-22,44.93611526489258,1383704376
2020-07-23,44.85007858276367,1775727714
2020-07-24,44.18254089355469,1620747746
2020-07-25,48.80476760864258,2433671618
2020-07-26,47.97871780395508,2587129920
2020-07-27,52.95002746582031,3397559596
2020-07-28,55.5752067565918,3293197775
2020-07-29,55.17200469970703,2572759911
2020-07-30,56.64311218261719,3015740898
2020-07-31,57.998138427734375,2461431454
2020-08-01,61.2932243347168,3124975567
2020-08-02,56.64144515991211,3499183526
2020-08-03,58.468902587890625,2250487587
2020-08-04,57.53305435180664,2088598738
2020-08-05,59.01070785522461,2144590019
2020-08-06,59.16426467895508,2241049269
2020-08-07,57.24553298950195,2756992175
2020-08-08,58.129207611083984,1726820323
2020-08-09,57.13903045654297,1601010110
2020-08-10,58.28884506225586,2247183310
2020-08-11,54.386844635009766,2754950222
2020-08-12,54.96858596801758,2450391467
2020-08-13,57.74131774902344,2843622469
2020-08-14,56.75312423706055,2476128674
2020-08-15,59.92781066894531,3063536363
2020-08-16,63.826541900634766,3595771595
2020-08-17,67.02803802490234,3997651594
2020-08-18,65.52753448486328,3627257060
2020-08-19,62.0046272277832,3345972244
2020-08-20,62.96675491333008,2801314591
2020-08-21,59.37902069091797,2911090515
2020-08-22,60.3111572265625,2317942996
2020-08-23,60.623260498046875,2315616100
2020-08-24,62.199424743652344,2490426542
2020-08-25,58.580665588378906,2625416624
2020-08-26,58.35817337036133,2067102732
2020-08-27,56.041015625,2212235187
2020-08-28,57.35440444946289,2206041301
2020-08-29,57.29173278808594,2006047086
2020-08-30,62.725341796875,2759602454
2020-08-31,61.11379623413086,2561891272
2020-09-01,62.882789611816406,2717986649
2020-09-02,58.099647521972656,2790169260
2020-09-03,47.774112701416016,2765272845
2020-09-04,50.611976623535156,2851271830
2020-09-05,47.58933639526367,2831766570
2020-09-06,48.05357360839844,2075916067
2020-09-07,48.77010726928711,2235340013
2020-09-08,47.3838005065918,2314205963
2020-09-09,47.89769744873047,1828181736
2020-09-10,48.716854095458984,2001211524
2020-09-11,49.089752197265625,1835173089
2020-09-12,50.81715393066406,1588978329
2020-09-13,48.066036224365234,1785910878
2020-09-14,49.09012222290039,1786276098
2020-09-15,48.390098571777344,1663112038
2020-09-16,47.933433532714844,1674030602
2020-09-17,48.87706756591797,1701721113
2020-09-18,48.46281433105469,1135775840
2020-09-19,48.67683029174805,961716690
2020-09-20,47.100528717041016,1033913350
2020-09-21,43.390220642089844,1923483523
2020-09-22,44.545047760009766,1078696494
2020-09-23,43.05768966674805,1676705751
2020-09-24,45.03985595703125,2070966440
2020-09-25,46.08631134033203,1849539132
2020-09-26,46.18892288208008,2123570272
2020-09-27,46.09169387817383,2217192656
2020-09-28,45.35554122924805,1923868466
2020-09-29,45.79656219482422,1790368155
2020-09-30,46.3714599609375,1979505099
2020-10-01,46.313507080078125,2558851054
2020-10-02,44.923973083496094,2201641713
2020-10-03,45.58177185058594,1707844978
2020-10-04,46.730106353759766,2034541387
2020-10-05,46.36322784423828,2349391995
2020-10-06,45.985530853271484,3013107749
2020-10-07,46.66048049926758,2167187221
2020-10-08,47.218379974365234,2350341454
2020-10-09,47.83295440673828,2250628685
2020-10-10,48.92109680175781,2781995604
2020-10-11,50.727901458740234,2601103257
2020-10-12,50.74381637573242,2646408249
2020-10-13,49.94063949584961,2177774803
2020-10-14,49.84648895263672,2213563866
2020-10-15,49.49037170410156,2340485565
2020-10-16,47.692874908447266,2331529601
2020-10-17,47.05392837524414,2169301016
2020-10-18,47.619544982910156,2636565895
2020-10-19,48.098915100097656,1771107656
2020-10-20,47.051029205322266,1757468523
2020-10-21,53.04533004760742,3534993796
2020-10-22,54.267276763916016,3814584794
2020-10-23,55.23868942260742,3519541892
2020-10-24,59.09558868408203,3899047277
2020-10-25,58.674800872802734,3725652470
2020-10-26,56.74577713012695,3701855843
2020-10-27,57.8160514831543,3431678162
2020-10-28,55.74251174926758,3786206312
2020-10-29,54.76585388183594,3010404352
2020-10-30,53.83503341674805,2563994174
2020-10-31,55.59025955200195,2657420659
2020-11-01,55.587623596191406,2045991010
2020-11-02,53.817481994628906,3019889902
2020-11-03,53.81962203979492,2580300879
2020-11-04,54.49910354614258,3050534139
2020-11-05,58.678497314453125,3250514599
2020-11-06,63.13111114501953,4083503373
2020-11-07,59.143646240234375,4320946722
2020-11-08,61.05504608154297,2560316021
2020-11-09,59.36388397216797,2791720300
2020-11-10,58.237342834472656,2269831643
2020-11-11,59.51502990722656,2580790979
2020-11-12,60.365379333496094,2506731801
2020-11-13,65.45719909667969,4324936978
2020-11-14,63.77415084838867,2879859655
2020-11-15,62.27992248535156,2565763410
2020-11-16,71.32624816894531,5089779254
2020-11-17,75.85234069824219,5781117491
2020-11-18,73.69493865966797,6120728271
2020-11-19,81.68367004394531,6615851204
2020-11-20,82.5831527709961,6264878329
2020-11-21,86.41011810302734,6565673514
2020-11-22,82.70420837402344,6285046852
2020-11-23,89.03931427001953,7198913664
2020-11-24,89.20537567138672,7748145325
2020-11-25,81.880126953125,6033297331
2020-11-26,70.86572265625,8965913476
2020-11-27,69.12387084960938,5874999214
2020-11-28,72.69296264648438,4784394518
2020-11-29,79.23506927490234,5314384738
2020-11-30,87.57463073730469,6812463307
2020-12-01,85.4357681274414,9818290618
2020-12-02,88.85651397705078,7713268210
2020-12-03,89.09896850585938,6014261404
2020-12-04,80.01707458496094,5444117736
2020-12-05,83.11872863769531,4517680975
2020-12-06,83.55533599853516,3454805957
2020-12-07,83.62406158447266,4312326196
2020-12-08,76.7486572265625,4230876095
2020-12-09,77.41098022460938,4239672634
2020-12-10,74.82955932617188,3007098971
2020-12-11,72.08733367919922,3761860017
2020-12-12,76.70689392089844,2966684035
2020-12-13,82.00064086914062,3845040543
2020-12-14,82.3631591796875,3459910049
2020-12-15,81.40067291259766,3727495996
2020-12-16,92.78968811035156,6152647270
2020-12-17,100.9595718383789,11165000706
2020-12-18,109.38450622558594,10096427749
2020-12-19,120.55890655517578,9859343632
2020-12-20,114.6659927368164,8652067110
2020-12-21,105.0053939819336,9903839433
2020-12-22,113.68036651611328,11221164987
2020-12-23,101.81706237792969,12287537836
2020-12-24,111.56539916992188,10108653753
2020-12-25,126.98359680175781,11678543063
2020-12-26,129.45919799804688,12680207148
2020-12-27,127.5169677734375,14103307412
2020-12-28,130.0503387451172,10248729547
2020-12-29,129.04080200195312,9160551332
2020-12-30,129.46607971191406,8127317345
2020-12-31,124.69032287597656,6274573135
2021-01-01,126.2303466796875,7326980728
2021-01-02,136.94488525390625,10532067985
2021-01-03,160.19058227539062,15385661271
2021-01-04,154.8073272705078,13659785704
2021-01-05,158.5947723388672,10192818976
2021-01-06,169.0169219970703,10743884477
2021-01-07,169.61595153808594,13099581396
2021-01-08,173.27987670898438,14705614969
2021-01-09,177.4839324951172,11136779198
2021-01-10,171.11483764648438,12774461582
2021-01-11,139.25222778320312,17994263494
2021-01-12,132.6359100341797,11898878222
2021-01-13,147.4213409423828,8421748673
2021-01-14,152.08457946777344,8271411810
2021-01-15,144.237548828125,8416625031
2021-01-16,144.2654266357422,7183807955
2021-01-17,142.43081665039062,6098835633
2021-01-18,152.1440887451172,6640211538
2021-01-19,153.4874267578125,9314780275
2021-01-20,149.93142700195312,9002037330
2021-01-21,130.1334991455078,8703006148
2021-01-22,137.27145385742188,8550579025
2021-01-23,137.75099182128906,5380627901
2021-01-24,141.47731018066406,4972171240
2021-01-25,137.44419860839844,6344860290
2021-01-26,134.75526428222656,5897389103
2021-01-27,122.94947052001953,6281091792
2021-01-28,133.4869384765625,5828235786
2021-01-29,135.0125732421875,8878892082
2021-01-30,133.4000244140625,6332391807
2021-01-31,129.57081604003906,4539387378
2021-02-01,131.95193481445312,5607159828
2021-02-02,142.50697326660156,7552216052
2021-02-03,155.61203002929688,8586975076
2021-02-04,145.148193359375,7811659280
2021-02-05,154.8522186279297,7359451680
2021-02-06,155.71473693847656,8323878876
2021-02-07,151.14007568359375,6884924123
2021-02-08,167.21905517578125,8863883926
2021-02-09,182.11447143554688,10156352233
2021-02-10,182.1743927001953,12820808289
2021-02-11,184.49600219726562,9278994121
2021-02-12,197.23170471191406,10839370443
2021-02-13,226.22760009765625,16565513036
2021-02-14,214.43026733398438,12902511399
2021-02-15,207.68101501464844,13482646966
2021-02-16,210.54656982421875,12666436004
2021-02-17,236.97352600097656,13792789978
2021-02-18,226.8695526123047,7889078633
2021-02-19,236.67601013183594,7151082978
2021-02-20,227.61988830566406,8208699025
2021-02-21,227.23135375976562,6934669818
2021-02-22,208.10679626464844,9523044215
2021-02-23,176.93492126464844,10944696472
2021-02-24,181.3784942626953,7205360252
2021-02-25,178.90184020996094,7327999233
2021-02-26,170.3981475830078,7875998386
2021-02-27,172.10044860839844,4991079437
2021-02-28,164.9271697998047,5945000101
2021-03-01,175.23789978027344,4627257694
2021-03-02,177.8724365234375,5247274825
2021-03-03,188.52566528320312,6392122021
2021-03-04,181.07864379882812,5488598135
2021-03-05,180.76560974121094,4560793618
2021-03-06,182.98190307617188,3799599706
2021-03-07,190.7591094970703,3541357558
2021-03-08,191.9276885986328,4401225306
2021-03-09,203.6378631591797,5408294951
2021-03-10,200.51686096191406,6296082804
2021-03-11,201.25033569335938,4823154653
2021-03-12,220.82940673828125,8079722567
2021-03-13,226.5782928466797,6378541696
2021-03-14,215.2960968017578,4537627844
2021-03-15,201.26461791992188,6186375403
2021-03-16,201.04063415527344,5270029739
2021-03-17,206.06793212890625,4362001168
2021-03-18,200.5373077392578,3719561575
2021-03-19,201.063720703125,2807932048
2021-03-20,200.80642700195312,2529075165
2021-03-21,196.42774963378906,2758761604
2021-03-22,187.0778350830078,3115325434
2021-03-23,187.3939666748047,3047428308
2021-03-24,177.6549530029297,4051272249
2021-03-25,173.06118774414062,3429325350
2021-03-26,184.27867126464844,3109769980
2021-03-27,184.8304443359375,2408040965
2021-03-28,185.0284881591797,2162823815
2021-03-29,194.4747772216797,3353971422
2021-03-30,196.68209838867188,3604665752
2021-03-31,197.4990997314453,3416343750
2021-04-01,204.11251831054688,3871809467
2021-04-02,213.2283935546875,4095228243
2021-04-03,197.14820861816406,4020429578
2021-04-04,204.04290771484375,2866830149
2021-04-05,221.0690460205078,4789647554
2021-04-06,237.66490173339844,9267495720
2021-04-07,219.42367553710938,8711169124
2021-04-08,227.00302124023438,4532286410
2021-04-09,221.86236572265625,3137324847
2021-04-10,255.6201934814453,6686630635
2021-04-11,253.63446044921875,6786514965
2021-04-12,244.49436950683594,5220366581
2021-04-13,266.9814758300781,6908471654
2021-04-14,279.7484130859375,8215124752
2021-04-15,286.5906066894531,6470712244
2021-04-16,310.61273193359375,11850832933
2021-04-17,304.7599182128906,13254117896
2021-04-18,273.09881591796875,13129808269
2021-04-19,261.9192199707031,9384818110
2021-04-20,260.94134521484375,9446199109
2021-04-21,258.80560302734375,7698253801
2021-04-22,253.07835388183594,9862940091
2021-04-23,241.35877990722656,9252716255
2021-04-24,224.8357696533203,4567973779
2021-04-25,223.6328582763672,3703413398
2021-04-26,247.4059295654297,4935577761
2021-04-27,259.65228271484375,4605576124
2021-04-28,258.5051574707031,4235575377
2021-04-29,255.58526611328125,3555940124
2021-04-30,271.1670837402344,3898872713
2021-05-01,276.8335266113281,3611805752
2021-05-02,269.1043701171875,3118501264
2021-05-03,294.7040100097656,5172505234
2021-05-04,306.2344970703125,11541253990
2021-05-05,356.0370788574219,13183539068
2021-05-06,353.5103454589844,10441211171
2021-05-07,346.2535705566406,11094872192
2021-05-08,346.3687438964844,6775459938
2021-05-09,386.4507751464844,9835832552
2021-05-10,359.3293151855469,13240769672
2021-05-11,377.3887939453125,8798204078
2021-05-12,303.0848693847656,8782996412
2021-05-13,316.9093322753906,9777636796
2021-05-14,326.2338562011719,6413801038
2021-05-15,299.77252197265625,5642887118
2021-05-16,296.6270446777344,5522282426
2021-05-17,281.7693176269531,6426443389
2021-05-18,294.61932373046875,7572089848
2021-05-19,189.52017211914062,11449368854
2021-05-20,212.27613830566406,8294595618
2021-05-21,180.19703674316406,6827729891
2021-05-22,169.5945587158203,5184597505
2021-05-23,143.5193634033203,6847843143
2021-05-24,183.99412536621094,5615445186
2021-05-25,183.49789428710938,5221949811
2021-05-26,199.22433471679688,4409113332
2021-05-27,193.12109375,4104509375
2021-05-28,177.32066345214844,4842770593
2021-05-29,163.80810546875,4442221955
2021-05-30,170.9782257080078,3015850344
2021-05-31,188.03367614746094,3347105582
2021-06-01,182.98069763183594,2965166592
2021-06-02,187.26397705078125,2808932742
2021-06-03,193.086181640625,2854571398
2021-06-04,178.87200927734375,3123327190
2021-06-05,173.02871704101562,2626658227
2021-06-06,176.63943481445312,2250385468
2021-06-07,161.73280334472656,2497621711
2021-06-08,161.16107177734375,3333355082
2021-06-09,172.13865661621094,3251347235
2021-06-10,168.20306396484375,2639779895
2021-06-11,162.88052368164062,2518234370
2021-06-12,162.01486206054688,2207409008
2021-06-13,170.93087768554688,2041213335
2021-06-14,172.9490966796875,1960141206
2021-06-15,178.659423828125,2459814443
2021-06-16,166.4589385986328,2211208641
2021-06-17,167.05569458007812,2010202177
2021-06-18,156.3556365966797,2163514007
2021-06-19,153.2954559326172,1718599931
2021-06-20,155.09259033203125,1958671063
2021-06-21,124.78646087646484,2929287425
2021-06-22,119.6026840209961,3728601207
2021-06-23,128.67498779296875,2863227875
2021-06-24,134.48460388183594,1897169523
2021-06-25,125.687744140625,1912813174
2021-06-26,126.65725708007812,2064657166
2021-06-27,132.34788513183594,1804264433
2021-06-28,137.370849609375,1877529989
2021-06-29,143.70291137695312,2182136698
2021-06-30,144.13583374023438,1889869747
2021-07-01,137.57752990722656,1681324823
2021-07-02,136.94369506835938,1418980649
2021-07-03,140.27969360351562,1236493834
2021-07-04,144.90585327148438,1431656519
2021-07-05,138.0732421875,1338245545
2021-07-06,138.9856414794922,1504907480
2021-07-07,137.3712158203125,1594183502
2021-07-08,132.30850219726562,1654154836
2021-07-09,134.57159423828125,1578256301
2021-07-10,133.98728942871094,1301165252
2021-07-11,134.24583435058594,1267259648
2021-07-12,133.5381317138672,1658972857
2021-07-13,131.32180786132812,1326935445
2021-07-14,131.06260681152344,1509497526
2021-07-15,125.49156188964844,1512389053
2021-07-16,121.04105377197266,1434977465
2021-07-17,120.0270767211914,1380666904
2021-07-18,119.51201629638672,1339676386
2021-07-19,113.16480255126953,1252109735
2021-07-20,107.39948272705078,1447927552
2021-07-21,117.45989227294922,1535044626
2021-07-22,120.73579406738281,1244645331
2021-07-23,124.2494125366211,1105582289
2021-07-24,126.18867492675781,1149988053
2021-07-25,127.59797668457031,1152966295
2021-07-26,131.36248779296875,2122247682
2021-07-27,134.6178741455078,1709997405
2021-07-28,139.83660888671875,1844085027
2021-07-29,141.3212890625,1579482162
2021-07-30,145.7750244140625,1614166297
2021-07-31,144.93321228027344,1337306944
2021-08-01,140.73553466796875,1520253711
2021-08-02,141.50550842285156,1446142148
2021-08-03,138.2908477783203,1337812400
2021-08-04,142.623046875,1391008967
2021-08-05,143.43597412109375,1601656842
2021-08-06,147.8009490966797,1830070393
2021-08-07,155.86477661132812,2107022706
2021-08-08,149.8477325439453,1780747563
2021-08-09,166.516357421875,2544061454
2021-08-10,165.46041870117188,2379906344
2021-08-11,170.93594360351562,2419719473
2021-08-12,165.1310272216797,2386820701
2021-08-13,183.2860870361328,2604958786
2021-08-14,182.71127319335938,2425228534
2021-08-15,184.904296875,2463135987
2021-08-16,178.8544921875,2512505149
2021-08-17,168.84263610839844,2207382233
2021-08-18,167.3966064453125,1933140312
2021-08-19,175.493408203125,1886756817
2021-08-20,183.62852478027344,1821956870
2021-08-21,179.73614501953125,1735474978
2021-08-22,186.31309509277344,2051815458
2021-08-23,187.10643005371094,2033355063
2021-08-24,173.57681274414062,1968635010
2021-08-25,177.6032257080078,1766315141
2021-08-26,168.08558654785156,1967737081
2021-08-27,175.98440551757812,2747733541
2021-08-28,175.45408630371094,2197632103
2021-08-29,174.7042236328125,2336929993
2021-08-30,167.42466735839844,2322318232
2021-08-31,171.6592254638672,2252832552
2021-09-01,180.97216796875,2807031001
2021-09-02,183.61724853515625,2648327451
2021-09-03,212.96597290039062,5461104943
2021-09-04,212.35845947265625,4290103830
2021-09-05,231.333984375,3796951481
2021-09-06,219.52577209472656,3846416196
2021-09-07,178.11439514160156,4888577997
2021-09-08,179.72467041015625,4614459511
2021-09-09,180.37680053710938,2895886861
2021-09-10,174.29603576660156,2640894542
2021-09-11,178.68856811523438,2374798275
2021-09-12,183.23448181152344,2524354411
2021-09-13,179.48394775390625,8716460338
2021-09-14,183.13906860351562,3674072759
2021-09-15,189.23941040039062,2966645617
2021-09-16,185.53807067871094,3890293445
2021-09-17,179.68408203125,3490133355
2021-09-18,181.30886840820312,2288894200
2021-09-19,175.7406005859375,2265327476
2021-09-20,156.46401977539062,3091999618
2021-09-21,148.38987731933594,2676739911
2021-09-22,161.41200256347656,2470322802
2021-09-23,163.81834411621094,2168287266
2021-09-24,152.2317352294922,3002639992
2021-09-25,151.18145751953125,2780149595
2021-09-26,150.640869140625,3285914022
2021-09-27,145.34957885742188,2675737537
2021-09-28,140.5971221923828,2716268316
2021-09-29,144.9186248779297,2611872987
2021-09-30,153.1479949951172,2490894083
2021-10-01,166.1322021484375,3075986940
2021-10-02,169.25892639160156,2954252473
2021-10-03,170.60997009277344,3020051826
2021-10-04,167.54014587402344,2809356425
2021-10-05,173.89108276367188,2779608244
2021-10-06,178.70567321777344,3434445937
2021-10-07,178.771728515625,3653828647
2021-10-08,175.97238159179688,3235639420
2021-10-09,179.65866088867188,3261336754
2021-10-10,175.31857299804688,2933958270
2021-10-11,179.42605590820312,3155773236
2021-10-12,172.79776000976562,3014739916
2021-10-13,177.62832641601562,2648806965
2021-10-14,180.11839294433594,2669021002
2021-10-15,188.8141326904297,3361284929
2021-10-16,186.18930053710938,2812657145
2021-10-17,183.73052978515625,2557228667
2021-10-18,185.55674743652344,2735635061
2021-10-19,188.9398193359375,2468334299
2021-10-20,206.87078857421875,2998361011
2021-10-21,196.8691864013672,2819160222
2021-10-22,190.82228088378906,2250306566
2021-10-23,196.30950927734375,1909421304
2021-10-24,190.9056854248047,1964457059
2021-10-25,195.299560546875,2117515772
2021-10-26,197.4688720703125,2152699224
2021-10-27,179.33412170410156,3305908613
2021-10-28,189.97763061523438,2629059101
2021-10-29,196.34471130371094,2323635618
2021-10-30,190.4823455810547,2152582091
2021-10-31,191.81637573242188,2072793808
2021-11-01,197.55499267578125,2301982951
2021-11-02,200.7246856689453,2197205823
2021-11-03,207.11013793945312,2526891232
2021-11-04,202.96798706054688,2297111488
2021-11-05,199.53793334960938,1691201016
2021-11-06,197.86636352539062,1562585003
2021-11-07,202.0513153076172,1368484091
2021-11-08,228.69619750976562,3069524134
2021-11-09,262.9067077636719,7006560647
2021-11-10,261.2629699707031,7776726430
2021-11-11,263.0867004394531,3957519255
2021-11-12,251.55836486816406,4974432912
2021-11-13,258.09320068359375,2964986959
2021-11-14,278.00750732421875,3230589098
2021-11-15,262.7633972167969,2797322397
2021-11-16,230.59942626953125,4031751969
2021-11-17,229.5041046142578,2863410681
2021-11-18,204.42291259765625,3104667090
2021-11-19,218.13858032226562,2357308403
2021-11-20,227.07960510253906,2134869389
2021-11-21,221.77194213867188,1787880756
2021-11-22,209.15802001953125,2030965166
2021-11-23,216.38897705078125,1944651936
2021-11-24,209.8065948486328,1884041986
2021-11-25,215.63497924804688,1953190727
2021-11-26,194.87464904785156,2690646017
2021-11-27,195.17442321777344,1406618152
2021-11-28,199.35421752929688,1712282909
2021-11-29,205.87020874023438,1784850980
2021-11-30,208.01454162597656,2122547294
2021-12-01,208.97125244140625,1739548260
2021-12-02,203.4896240234375,1523272322
2021-12-03,188.09971618652344,1805361744
2021-12-04,163.05270385742188,3667491155
2021-12-05,156.4097900390625,1952282406
2021-12-06,161.8865203857422,1959778935
2021-12-07,162.29286193847656,1510598217
2021-12-08,165.2234649658203,1705972971
2021-12-09,151.79530334472656,1373978010
2021-12-10,148.59829711914062,1344733451
2021-12-11,158.0419158935547,1207041548
2021-12-12,159.20396423339844,870576845
2021-12-13,144.53590393066406,1097150357
2021-12-14,146.0780029296875,1150775410
2021-12-15,153.51541137695312,1356025651
2021-12-16,148.9417266845703,1001741958
2021-12-17,144.33840942382812,973529667
2021-12-18,148.80140686035156,782184567
2021-12-19,153.07763671875,1587190278
2021-12-20,152.62867736816406,1590290392
2021-12-21,154.92709350585938,1053723085
2021-12-22,155.46749877929688,1111879486
2021-12-23,163.44949340820312,1337153835
2021-12-24,161.42103576660156,1085980228
2021-12-25,157.7855987548828,959492046
2021-12-26,155.99234008789062,1248012717
2021-12-27,155.8812255859375,1057977478
2021-12-28,145.88687133789062,1315031071
2021-12-29,145.5126190185547,1081715291
2021-12-30,148.2860107421875,838034968
2021-12-31,146.51473999023438,1051011688
2022-01-01,150.6974334716797,691648227
2022-01-02,151.2554931640625,680239631
2022-01-03,148.4615936279297,755658603
2022-01-04,146.81228637695312,789511706
2022-01-05,136.089111328125,1304198400
2022-01-06,136.5037841796875,1136595284
2022-01-07,131.4884490966797,1364180297
2022-01-08,130.13748168945312,1002118315
2022-01-09,131.29832458496094,710682825
2022-01-10,126.83382415771484,1097888042
2022-01-11,131.54498291015625,834900749
2022-01-12,141.73719787597656,881585292
2022-01-13,136.6365203857422,886433982
2022-01-14,144.72491455078125,1204657825
2022-01-15,147.93740844726562,1001838786
2022-01-16,146.533203125,756580688
2022-01-17,151.66726684570312,1608309071
2022-01-18,141.89076232910156,1278790664
2022-01-19,136.9167022705078,926249070
2022-01-20,130.36500549316406,706911161
2022-01-21,114.3918685913086,1680709016
2022-01-22,108.42849731445312,2098519931
2022-01-23,112.08950805664062,1135598050
2022-01-24,109.59159851074219,1645918728
2022-01-25,108.06637573242188,909091096
2022-01-26,107.28218078613281,1064088735
2022-01-27,106.9535140991211,825647673
2022-01-28,109.43273162841797,683706404
2022-01-29,110.82367706298828,592402655
2022-01-30,108.79985809326172,537737428
2022-01-31,109.58769989013672,691404381
2022-02-01,115.4020004272461,824048434
2022-02-02,108.55602264404297,743395485
2022-02-03,110.28700256347656,683428425
2022-02-04,120.91803741455078,953726676
2022-02-05,121.91674041748047,736360985
2022-02-06,127.44550323486328,782675364
2022-02-07,137.10739135742188,1131143500
2022-02-08,133.99124145507812,1373203815
2022-02-09,140.17160034179688,1036393461
2022-02-10,135.08839416503906,1276403767
2022-02-11,126.03115844726562,1080587719
2022-02-12,126.68367767333984,832593853
2022-02-13,126.20421600341797,688706404
2022-02-14,124.80005645751953,712457600
2022-02-15,131.7626190185547,783234535
2022-02-16,128.1608428955078,715637001
2022-02-17,116.30241394042969,938120691
2022-02-18,115.19709014892578,1205742846
2022-02-19,115.7090072631836,686244892
2022-02-20,110.83203887939453,736479992
2022-02-21,103.45049285888672,980192105
2022-02-22,107.52279663085938,902125484
2022-02-23,105.96595001220703,740588315
2022-02-24,104.2304916381836,1676181000
2022-02-25,109.26631164550781,903266080
2022-02-26,108.24365997314453,773091210
2022-02-27,103.10559844970703,706861756
2022-02-28,113.47457885742188,930577763
2022-03-01,112.5440444946289,951568702
2022-03-02,110.35135650634766,838169853
2022-03-03,111.35211944580078,905649306
2022-03-04,101.39179992675781,930473366
2022-03-05,104.97718811035156,548783174
2022-03-06,101.59391784667969,563304861
2022-03-07,98.8692626953125,756482342
2022-03-08,100.61764526367188,699527175
2022-03-09,106.94209289550781,812074655
2022-03-10,102.65550994873047,814685365
2022-03-11,104.9653549194336,764305866
2022-03-12,105.8323974609375,536251476
2022-03-13,102.11479949951172,535011513
2022-03-14,105.67365264892578,743010065
2022-03-15,106.98857116699219,713675630
2022-03-16,111.35919189453125,977477844
2022-03-17,110.31023406982422,616556664
2022-03-18,112.1158676147461,644181133
2022-03-19,116.3732681274414,741516370
2022-03-20,114.82913970947266,859708742
2022-03-21,116.15872955322266,833192537
2022-03-22,122.92796325683594,1124098345
2022-03-23,122.47541809082031,872780593
2022-03-24,126.5812759399414,1007870447
2022-03-25,124.06736755371094,822120492
2022-03-26,124.88133239746094,560151992
2022-03-27,129.39747619628906,740569100
2022-03-28,127.93861389160156,943699101
2022-03-29,130.0612335205078,837905297
2022-03-30,131.16934204101562,928949835
2022-03-31,123.71601104736328,1352615724
2022-04-01,124.8831787109375,854575075
2022-04-02,124.9234848022461,761262628
2022-04-03,128.9462127685547,676091829
2022-04-04,124.86170196533203,849319392
2022-04-05,123.21317291259766,662578353
2022-04-06,112.46133422851562,1017954203
2022-04-07,114.23019409179688,635873842
2022-04-08,110.88206481933594,747638227
2022-04-09,112.77727508544922,519806313
2022-04-10,111.17377471923828,510044015
2022-04-11,102.60739135742188,807193871
2022-04-12,104.82841491699219,638546461
2022-04-13,110.48245239257812,806829114
2022-04-14,107.41104125976562,736401323
2022-04-15,111.10934448242188,802528770
2022-04-16,114.43070983886719,639352139
2022-04-17,109.04278564453125,673093200
2022-04-18,111.22614288330078,810603033
2022-04-19,113.81208801269531,653731832
2022-04-20,111.97969055175781,669392298
2022-04-21,106.99798583984375,747220318
2022-04-22,105.60062408447266,668097133
2022-04-23,105.5043716430664,502713461
2022-04-24,104.62260437011719,487505921
2022-04-25,104.68701934814453,802054036
2022-04-26,98.40467834472656,702800418
2022-04-27,100.53875732421875,692599516
2022-04-28,103.32334899902344,780434505
2022-04-29,100.37800598144531,861249271
2022-04-30,96.16598510742188,604900808
2022-05-01,99.43577575683594,592413785
2022-05-02,100.69322967529297,613922891
2022-05-03,99.343017578125,542363905
2022-05-04,106.27486419677734,768693782
2022-05-05,96.91891479492188,842334241
2022-05-06,96.79175567626953,769940452
2022-05-07,94.5708999633789,551811127
2022-05-08,93.97643280029297,729348318
2022-05-09,77.9571533203125,1207155617
2022-05-10,80.2268295288086,1720920553
2022-05-11,66.38880157470703,1899877236
2022-05-12,64.40274810791016,1925404691
2022-05-13,67.96253967285156,1140599762
2022-05-14,68.95030975341797,743433183
2022-05-15,71.5303726196289,741432120
2022-05-16,67.21134948730469,722439504
2022-05-17,72.96931457519531,802347484
2022-05-18,66.41563415527344,756026173
2022-05-19,72.0966796875,801021670
2022-05-20,68.65829467773438,729408177
2022-05-21,69.7057876586914,449401029
2022-05-22,71.77400207519531,449155414
2022-05-23,69.01275634765625,736854342
2022-05-24,70.32154846191406,588236113
2022-05-25,68.31311798095703,529431480
2022-05-26,63.8281364440918,721052783
2022-05-27,61.56392288208008,646210455
2022-05-28,62.31327819824219,615552947
2022-05-29,63.74662780761719,418602793
2022-05-30,69.12091827392578,587913790
2022-05-31,68.41138458251953,532691935
2022-06-01,62.96781921386719,754343388
2022-06-02,64.45135498046875,497215110
2022-06-03,62.659263610839844,445994255
2022-06-04,63.74738311767578,365451394
2022-06-05,63.2078742980957,358399957
2022-06-06,64.41727447509766,500130108
2022-06-07,63.90550994873047,578504158
2022-06-08,61.54667663574219,590606981
2022-06-09,60.215972900390625,461393198
2022-06-10,56.658416748046875,631581518
2022-06-11,52.29166030883789,735247033
2022-06-12,48.228904724121094,674269221
2022-06-13,43.30030059814453,1135771941
2022-06-14,46.132015228271484,1038406218
2022-06-15,50.49177169799805,1082980140
2022-06-16,44.6997184753418,754689123
2022-06-17,47.684913635253906,624241753
2022-06-18,47.247257232666016,878504763
2022-06-19,54.32316589355469,1408560758
2022-06-20,52.90559387207031,867331545
2022-06-21,53.5076789855957,683095131
2022-06-22,52.10539245605469,571710882
2022-06-23,55.76283264160156,675234042
2022-06-24,55.99228286743164,589158085
2022-06-25,58.96992874145508,560628121
2022-06-26,56.87614440917969,486759815
2022-06-27,55.92555618286133,456437012
2022-06-28,52.81161117553711,519374670
2022-06-29,53.42253875732422,557459009
2022-06-30,53.64842987060547,632075268
2022-07-01,51.11524200439453,628538818
2022-07-02,50.48544692993164,448609019
2022-07-03,50.97217559814453,402299367
2022-07-04,52.24381637573242,425036720
2022-07-05,49.83059310913086,559357113
2022-07-06,50.361087799072266,429814449
2022-07-07,52.14289474487305,478192342
2022-07-08,51.5649528503418,565652402
2022-07-09,54.16061782836914,444782359
2022-07-10,52.16814041137695,616041879
2022-07-11,48.77458953857422,393277100
2022-07-12,47.54238510131836,368912014
2022-07-13,49.56312561035156,447352506
2022-07-14,51.218807220458984,420169921
2022-07-15,51.798065185546875,442039141
2022-07-16,55.12516403198242,426040229
2022-07-17,55.721351623535156,579886019
2022-07-18,58.62628936767578,604964726
2022-07-19,57.98419952392578,579491163
2022-07-20,57.23776626586914,662964095
2022-07-21,58.099822998046875,464802265
2022-07-22,56.17611312866211,464241227
2022-07-23,56.42631912231445,380442502
2022-07-24,58.48570251464844,402627822
2022-07-25,54.366275787353516,445424172
2022-07-26,53.7901725769043,400322025
2022-07-27,58.95100402832031,529603132
2022-07-28,63.46399688720703,757291482
2022-07-29,60.92249298095703,664571137
2022-07-30,60.44015121459961,667982996
2022-07-31,59.909507751464844,502294495
2022-08-01,59.53544616699219,467875340
2022-08-02,58.24385452270508,524322092
2022-08-03,57.80519104003906,472558915
2022-08-04,59.848575592041016,437413922
2022-08-05,62.40127182006836,463122316
2022-08-06,60.91834259033203,291347560
2022-08-07,61.1023063659668,276519336
2022-08-08,62.59212875366211,384554405
2022-08-09,59.2599983215332,406076522
2022-08-10,61.603851318359375,543530224
2022-08-11,61.90461349487305,472762678
2022-08-12,62.932228088378906,370984475
2022-08-13,63.7535285949707,391896085
2022-08-14,63.30875778198242,411725410
2022-08-15,60.82551574707031,487425277
2022-08-16,61.34233856201172,400419587
2022-08-17,60.3741569519043,564337359
2022-08-18,60.04568862915039,375531380
2022-08-19,54.0316276550293,598011455
2022-08-20,54.18755340576172,473723831
2022-08-21,55.492027282714844,346325352
2022-08-22,57.25567626953125,766070930
2022-08-23,57.07943344116211,524532444
2022-08-24,56.47816848754883,471510182
2022-08-25,56.79257583618164,432646387
2022-08-26,52.744449615478516,567680603
2022-08-27,53.05023956298828,392990718
2022-08-28,53.61201858520508,485789560
2022-08-29,55.77189254760742,526456711
2022-08-30,53.05681228637695,464828759
2022-08-31,53.85666275024414,439496760
2022-09-01,57.52796936035156,584763245
2022-09-02,61.04099655151367,761493332
2022-09-03,60.134803771972656,529966061
2022-09-04,60.90089416503906,404022021
2022-09-05,60.416404724121094,450815584
2022-09-06,54.31306076049805,671460963
2022-09-07,57.41590118408203,623767136
2022-09-08,58.003257751464844,539805386
2022-09-09,61.23288345336914,610797768
2022-09-10,63.431644439697266,611529013
2022-09-11,62.24362564086914,467207228
2022-09-12,61.36201477050781,527623332
2022-09-13,59.10230255126953,1001779466
2022-09-14,60.14519119262695,622750084
2022-09-15,56.35026168823242,629471575
2022-09-16,55.844261169433594,471316851
2022-09-17,57.81655502319336,354646581
2022-09-18,52.84428405761719,447780228
2022-09-19,52.87487030029297,687424376
2022-09-20,52.36106491088867,561066601
2022-09-21,51.236183166503906,681284602
2022-09-22,53.51061248779297,480101560
2022-09-23,55.08971405029297,560635011
2022-09-24,53.5192985534668,451262561
2022-09-25,52.63199996948242,385124912
2022-09-26,53.432064056396484,464070272
2022-09-27,52.73725891113281,507500545
2022-09-28,53.30842590332031,479078426
2022-09-29,53.91404724121094,406391539
2022-09-30,53.397037506103516,412604499
2022-10-01,52.90686798095703,256914103
2022-10-02,51.9116325378418,270394848
2022-10-03,54.17620849609375,361537838
2022-10-04,55.2984619140625,346928233
2022-10-05,54.579307556152344,333262024
2022-10-06,53.49364471435547,359457748
2022-10-07,52.866939544677734,350100261
2022-10-08,52.79837417602539,262572900
2022-10-09,53.910037994384766,255019662
2022-10-10,52.75587463378906,381643338
2022-10-11,52.0184211730957,348076873
2022-10-12,52.22134780883789,329386156
2022-10-13,51.24348449707031,535442367
2022-10-14,51.3155632019043,356949435
2022-10-15,50.469181060791016,256385346
2022-10-16,51.480918884277344,264200642
2022-10-17,51.84383773803711,284788683
2022-10-18,51.87700271606445,302736361
2022-10-19,50.98663330078125,275310850
2022-10-20,51.191001892089844,289082998
2022-10-21,51.62337112426758,369983730
2022-10-22,52.180171966552734,304008099
2022-10-23,53.95036697387695,344691478
2022-10-24,52.569244384765625,397590910
2022-10-25,56.02515411376953,544831810
2022-10-26,56.39167785644531,615500789
2022-10-27,54.80760955810547,531516232
2022-10-28,55.00389862060547,485918370
2022-10-29,56.496177673339844,680353979
2022-10-30,55.38955307006836,476487677
2022-10-31,55.084434509277344,530884510
2022-11-01,55.12718963623047,427975211
2022-11-02,60.558467864990234,1674017428
2022-11-03,61.92131423950195,1257411661
2022-11-04,67.59659576416016,2151904532
2022-11-05,69.72119903564453,1505513756
2022-11-06,68.08605194091797,1004920656
2022-11-07,67.65226745605469,1373144070
2022-11-08,57.39180374145508,1854346680
2022-11-09,50.65857696533203,1725423337
2022-11-10,60.361053466796875,1623775451
2022-11-11,61.24228286743164,1292495839
2022-11-12,59.855552673339844,694111623
2022-11-13,57.48717498779297,514877448
2022-11-14,56.546199798583984,812582160
2022-11-15,58.00726318359375,554300042
2022-11-16,57.516422271728516,589292031
2022-11-17,62.48411560058594,781698635
2022-11-18,62.64376449584961,658083895
2022-11-19,63.81239700317383,536167505
2022-11-20,62.00232696533203,608805129
2022-11-21,61.37348937988281,869131451
2022-11-22,70.44279479980469,1313490535
2022-11-23,79.00006866455078,2115042339
2022-11-24,78.83014678955078,1248286495
2022-11-25,74.02890014648438,891650503
2022-11-26,76.37289428710938,765406705
2022-11-27,75.04431915283203,622191865
2022-11-28,74.12022399902344,848737350
2022-11-29,75.98377227783203,784423812
2022-11-30,79.2977066040039,730020088
2022-12-01,77.51800537109375,662986878
2022-12-02,77.95148468017578,458462393
2022-12-03,76.59791564941406,348753640
2022-12-04,77.21428680419922,322480996
2022-12-05,80.26353454589844,974931920
2022-12-06,79.92121887207031,561961413
2022-12-07,77.03605651855469,569587946
2022-12-08,78.3898696899414,612007545
2022-12-09,76.33456420898438,440676994
2022-12-10,76.3709945678711,272669009
2022-12-11,76.6280517578125,286405662
2022-12-12,76.22152709960938,463127138
2022-12-13,77.344482421875,680106244
2022-12-14,75.47586059570312,583539478
2022-12-15,72.3354721069336,471322636
2022-12-16,66.32679748535156,725577784
2022-12-17,64.9578857421875,688308693
2022-12-18,64.55413055419922,335700601
2022-12-19,63.3414306640625,461264127
2022-12-20,65.74638366699219,519783204
2022-12-21,65.39140319824219,375489125
2022-12-22,66.15167236328125,368489876
2022-12-23,65.77222442626953,306694378
2022-12-24,65.77478790283203,178396939
2022-12-25,69.20626831054688,335124962
2022-12-26,70.68474578857422,457389047
2022-12-27,68.74790954589844,440850738
2022-12-28,66.33906555175781,457672812
2022-12-29,66.7510757446289,337784432
2022-12-30,67.99403381347656,324391932
2022-12-31,69.9962158203125,367586009
2023-01-01,70.81565856933594,344383885
2023-01-02,74.86290740966797,699498243
2023-01-03,75.60272216796875,562329324
2023-01-04,75.43390655517578,577893231
2023-01-05,74.25080871582031,432215597
2023-01-06,75.9925765991211,537790219
2023-01-07,76.37344360351562,332539243
2023-01-08,77.6822738647461,384160222
2023-01-09,81.747314453125,879528523
2023-01-10,80.88751983642578,561103552
2023-01-11,84.0703125,651624972
2023-01-12,85.96422576904297,919252860
2023-01-13,86.34003448486328,726155927
2023-01-14,87.81385803222656,1235692684
2023-01-15,87.36553192138672,575262096
2023-01-16,85.83431243896484,643419793
2023-01-17,87.11742401123047,689233513
2023-01-18,82.77532958984375,745330320
2023-01-19,84.23226928710938,468877565
2023-01-20,90.49322509765625,618138690
2023-01-21,88.31465148925781,678058077
2023-01-22,87.62997436523438,525923629
2023-01-23,90.02592468261719,674337929
2023-01-24,87.202880859375,508764326
2023-01-25,89.38101196289062,526831341
2023-01-26,87.5894546508789,495312033
2023-01-27,88.84580993652344,432915139
2023-01-28,89.60193634033203,403642649
2023-01-29,95.05005645751953,1052463965
2023-01-30,91.26243591308594,767486345
2023-01-31,94.30811309814453,786998062
2023-02-01,100.4436264038086,1000421802
2023-02-02,98.690185546875,679499126
2023-02-03,99.9709243774414,581587515
2023-02-04,98.6144790649414,412470764
2023-02-05,96.45875549316406,467715468
2023-02-06,96.06245422363281,454784285
2023-02-07,100.92766571044922,723164903
2023-02-08,99.2076187133789,627006188
2023-02-09,92.09846496582031,835624265
2023-02-10,93.52928161621094,636744666
2023-02-11,94.43054962158203,410760115
2023-02-12,92.39573669433594,367491351
2023-02-13,91.12174987792969,681702114
2023-02-14,95.68757629394531,594958420
2023-02-15,102.79530334472656,725730052
2023-02-16,98.95220184326172,737793870
2023-02-17,100.30950927734375,725287123
2023-02-18,99.7918472290039,625887364
2023-02-19,97.56421661376953,550959680
2023-02-20,95.9408187866211,805774822
2023-02-21,93.70948028564453,693293752
2023-02-22,95.21892547607422,668342701
2023-02-23,94.6919937133789,489893890
2023-02-24,91.55509948730469,503847733
2023-02-25,93.2634506225586,414154710
2023-02-26,95.25562286376953,382931744
2023-02-27,94.08667755126953,432031681
2023-02-28,93.79277801513672,409490427
2023-03-01,97.73766326904297,533714000
2023-03-02,95.25724029541016,469936514
2023-03-03,90.5489730834961,651979397
2023-03-04,89.28953552246094,353464242
2023-03-05,89.9533462524414,334569360
2023-03-06,87.42292022705078,497425953
2023-03-07,86.3019027709961,562810842
2023-03-08,82.78353118896484,501018352
2023-03-09,76.73104858398438,688488963
2023-03-10,71.76221466064453,1038005217
2023-03-11,69.70695495605469,1077950408
2023-03-12,76.31184387207031,766082096
2023-03-13,81.7682876586914,1017027604
2023-03-14,84.35054016113281,882163452
2023-03-15,76.42815399169922,805712252
2023-03-16,79.05355072021484,542002591
2023-03-17,85.5023193359375,610202264
2023-03-18,82.9837417602539,602010403
2023-03-19,84.43609619140625,444514565
2023-03-20,78.42455291748047,578107211
2023-03-21,82.7353515625,567896558
2023-03-22,87.35688781738281,969686696
2023-03-23,93.70100402832031,1054746379
2023-03-24,93.70990753173828,866952422
2023-03-25,91.58114624023438,493921885
2023-03-26,93.52519226074219,489851737
2023-03-27,89.24687194824219,552145190
2023-03-28,89.13937377929688,556233998
2023-03-29,91.34173583984375,541611636
2023-03-30,89.05989074707031,593012954
2023-03-31,89.68412780761719,452243261
2023-04-01,92.87535095214844,548762293
2023-04-02,93.01597595214844,549452266
2023-04-03,93.03733825683594,693703512
2023-04-04,92.60042572021484,455068842
2023-04-05,92.62211608886719,574810382
2023-04-06,90.92915344238281,401237969
2023-04-07,90.6383285522461,409439989
2023-04-08,89.9751968383789,321874464
2023-04-09,90.67667388916016,313065579
2023-04-10,93.82122802734375,525494733
2023-04-11,94.31179809570312,640151185
2023-04-12,92.50415802001953,501836456
2023-04-13,94.2594985961914,494346656
2023-04-14,96.45197296142578,856817465
2023-04-15,96.86820983886719,403922763
2023-04-16,100.26744842529297,768844226
2023-04-17,98.67469787597656,687145902
2023-04-18,101.8514175415039,711227682
2023-04-19,90.44068145751953,935252615
2023-04-20,90.23965454101562,747749560
2023-04-21,85.51734161376953,662381963
2023-04-22,87.09852600097656,380034373
2023-04-23,86.89732360839844,382921210
2023-04-24,88.40734100341797,516200917
2023-04-25,91.10834503173828,614049406
2023-04-26,88.25418853759766,798720366
2023-04-27,89.68881225585938,574362305
2023-04-28,89.73138427734375,438218243
2023-04-29,91.08751678466797,332392500
2023-04-30,88.53362274169922,364294782
2023-05-01,86.74261474609375,494450271
2023-05-02,88.29579162597656,406998356
2023-05-03,88.89485168457031,466944292
2023-05-04,88.49445343017578,311253105
2023-05-05,88.83866882324219,402566192
2023-05-06,83.63143920898438,611083498
2023-05-07,83.5726089477539,345770753
2023-05-08,77.8734359741211,718898381
2023-05-09,80.0215835571289,468132043
2023-05-10,81.06997680664062,582964296
2023-05-11,81.04087829589844,586874786
2023-05-12,80.50313568115234,526826920
2023-05-13,80.30570220947266,305028463
2023-05-14,83.44429779052734,400491842
2023-05-15,87.06656646728516,776623075
2023-05-16,89.85771942138672,809177581
2023-05-17,93.88973236083984,1045389525
2023-05-18,90.54290771484375,586904480
2023-05-19,91.70238494873047,558055386
2023-05-20,92.3713150024414,306548115
2023-05-21,92.27886962890625,365938794
2023-05-22,90.94607543945312,396591248
2023-05-23,91.63233184814453,384556801
2023-05-24,86.0003662109375,771426876
2023-05-25,86.60067749023438,561109959
2023-05-26,87.26806640625,518267207
2023-05-27,88.65031433105469,306057058
2023-05-28,91.57996368408203,448657302
2023-05-29,91.00045776367188,415109197
2023-05-30,92.32611083984375,455802742
2023-05-31,90.53900909423828,567208418
2023-06-01,93.97233581542969,961609681
2023-06-02,95.4177474975586,567841812
2023-06-03,95.99313354492188,477888613
2023-06-04,94.2899169921875,436188890
2023-06-05,87.83460235595703,896571627
2023-06-06,90.92071533203125,649344540
2023-06-07,88.848388671875,537757007
2023-06-08,88.46656036376953,356770854
2023-06-09,89.2320327758789,388902174
2023-06-10,77.3517074584961,1185675805
2023-06-11,77.69893646240234,432046461
2023-06-12,77.548095703125,452560497
2023-06-13,77.4438247680664,440462157
2023-06-14,73.16329193115234,490434416
2023-06-15,74.52643585205078,402537213
2023-06-16,76.04912567138672,352725567
2023-06-17,76.91241455078125,273568501
2023-06-18,77.17825317382812,274352131
2023-06-19,77.42202758789062,293010032
2023-06-20,80.30889892578125,437548832
2023-06-21,85.14774322509766,814693890
2023-06-22,86.07022094726562,606189402
2023-06-23,91.20945739746094,755797463
2023-06-24,89.74402618408203,666550721
2023-06-25,88.2751693725586,487211798
2023-06-26,87.27570343017578,548434353
2023-06-27,87.99827575683594,420226149
2023-06-28,83.06114959716797,556606414
2023-06-29,84.77587127685547,395849863
2023-06-30,108.16532897949219,3377766238
2023-07-01,107.22920227050781,1853573626
2023-07-02,113.21729278564453,1783628932
2023-07-03,106.94577026367188,1154666410
2023-07-04,104.71099090576172,795208399
2023-07-05,102.6939926147461,1061933634
2023-07-06,95.66722869873047,1197521335
2023-07-07,98.24247741699219,703059439
2023-07-08,97.8747787475586,417911861
2023-07-09,95.17955017089844,412735847
2023-07-10,96.7313461303711,801346663
2023-07-11,96.78643798828125,584873947
2023-07-12,96.28018188476562,502089267
2023-07-13,101.92713928222656,1243581127
2023-07-14,95.15866088867188,994506743
2023-07-15,94.7518081665039,405906202
2023-07-16,92.90528106689453,412440907
2023-07-17,92.29344940185547,581572145
2023-07-18,91.50321960449219,444675473
2023-07-19,92.16179656982422,479778485
2023-07-20,92.3820571899414,558800999
2023-07-21,94.05186462402344,454489403
2023-07-22,92.051513671875,442970678
2023-07-23,93.25886535644531,361401131
2023-07-24,89.1534652709961,558656341
2023-07-25,89.53140258789062,369676148
2023-07-26,90.62142181396484,411401840
2023-07-27,90.49376678466797,393733970
2023-07-28,91.53057098388672,341018407
2023-07-29,94.59809112548828,357766274
2023-07-30,94.09105682373047,764611368
2023-07-31,92.24313354492188,526612463
2023-08-01,93.82040405273438,775320147
2023-08-02,87.48905944824219,899573748
2023-08-03,82.70779418945312,661629539
2023-08-04,82.07891082763672,574898134
2023-08-05,83.1055908203125,266995799
2023-08-06,82.4717025756836,261949686
2023-08-07,82.34452056884766,369980930
2023-08-08,83.95689392089844,464971615
2023-08-09,84.0372085571289,1086009763
2023-08-10,83.0334701538086,273793336
2023-08-11,83.49586486816406,210777034
2023-08-12,83.44852447509766,187648883
2023-08-13,81.97803497314453,268437601
2023-08-14,82.0685806274414,262059229
2023-08-15,79.27375030517578,401918865
2023-08-16,74.4788589477539,622966364
2023-08-17,65.08576202392578,785297656
2023-08-18,64.08291625976562,571194825
2023-08-19,64.10386657714844,299693328
2023-08-20,65.25251007080078,246734222
2023-08-21,66.95868682861328,431113836
2023-08-22,64.7702865600586,377574603
2023-08-23,65.61077880859375,304886653
2023-08-24,64.8792724609375,225372238
2023-08-25,65.1119155883789,268487447
2023-08-26,65.0107192993164,183821199
2023-08-27,65.36711120605469,191462581
2023-08-28,65.5425033569336,252050651
2023-08-29,68.89247131347656,540744008
2023-08-30,67.65953063964844,294424844
2023-08-31,63.951377868652344,377755734
2023-09-01,63.00745391845703,311070837
2023-09-02,64.56063079833984,219217798
2023-09-03,63.93811798095703,203377116
2023-09-04,63.70868682861328,236821353
2023-09-05,63.123634338378906,250002419
2023-09-06,62.84352493286133,248375044
2023-09-07,63.62236785888672,213292207
2023-09-08,62.57698059082031,206394384
2023-09-09,63.08150863647461,145767952
2023-09-10,61.12152862548828,249697962
2023-09-11,58.837158203125,316901808
2023-09-12,60.01279067993164,285423408
2023-09-13,62.00352096557617,300723201
2023-09-14,62.808536529541016,268972316
2023-09-15,65.99552917480469,273527819
2023-09-16,65.33952331542969,225396971
2023-09-17,63.57822799682617,238602170
2023-09-18,65.89459991455078,411318370
2023-09-19,67.33423614501953,310488863
2023-09-20,64.56434631347656,407377312
2023-09-21,64.69098663330078,270451760
2023-09-22,64.33540344238281,278551984
2023-09-23,65.08039093017578,240624622
2023-09-24,63.58713912963867,189877277
2023-09-25,64.33724212646484,216448495
2023-09-26,63.75851058959961,256010742
2023-09-27,63.486812591552734,212329352
2023-09-28,65.23880767822266,235902966
2023-09-29,65.63209533691406,215673747
2023-09-30,66.06964874267578,153210629
2023-10-01,68.23331451416016,248362902
2023-10-02,66.01112365722656,283142952
2023-10-03,65.49351501464844,188593883
2023-10-04,64.45206451416016,220351720
2023-10-05,64.8587646484375,202994978
2023-10-06,65.53318786621094,178382571
2023-10-07,65.48564147949219,146532235
2023-10-08,65.36454772949219,179284709
2023-10-09,63.11105728149414,235298990
2023-10-10,63.621070861816406,164326149
2023-10-11,61.499820709228516,186389594
2023-10-12,61.12781524658203,171888213
2023-10-13,61.574058532714844,203849754
2023-10-14,61.665157318115234,120785909
2023-10-15,61.65643310546875,134170091
2023-10-16,63.337162017822266,334167678
2023-10-17,62.16300964355469,191914626
2023-10-18,60.276973724365234,188485126
2023-10-19,61.786651611328125,182482608
2023-10-20,63.41781997680664,251686318
2023-10-21,64.73554229736328,198983839
2023-10-22,65.19058227539062,283863584
2023-10-23,68.99109649658203,471640160
2023-10-24,69.0318603515625,547455091
2023-10-25,68.6949234008789,369294933
2023-10-26,68.85438537597656,385302387
2023-10-27,67.05579376220703,308631582
2023-10-28,67.78277587890625,287279561
2023-10-29,68.80084228515625,232084984
2023-10-30,69.25083923339844,270567503
2023-10-31,68.9495620727539,334835486
2023-11-01,69.93502044677734,377378547
2023-11-02,69.39419555664062,350621685
2023-11-03,69.49114227294922,234233495
2023-11-04,70.47209930419922,194430502
2023-11-05,71.66265106201172,337144700
2023-11-06,74.48286437988281,307139405
2023-11-07,73.56438446044922,345874833
2023-11-08,73.17993927001953,279316148
2023-11-09,73.75221252441406,563715610
2023-11-10,73.30500030517578,391745232
2023-11-11,75.17430877685547,409990766
2023-11-12,74.89127349853516,400244544
2023-11-13,71.49154663085938,391890703
2023-11-14,70.63526153564453,378863884
2023-11-15,74.080322265625,335516203
2023-11-16,71.1790542602539,343373015
2023-11-17,70.18233489990234,406903529
2023-11-18,69.89380645751953,243237870
2023-11-19,70.64031219482422,226121115
2023-11-20,69.51773834228516,271959607
2023-11-21,66.45738220214844,427605909
2023-11-22,68.7055892944336,275595694
2023-11-23,69.512451171875,307401786
2023-11-24,70.73595428466797,307601320
2023-11-25,71.83336639404297,237235479
2023-11-26,70.05899047851562,257792066
2023-11-27,69.2423324584961,261741816
2023-11-28,69.73725128173828,340266606
2023-11-29,69.98934936523438,241745414
2023-11-30,69.4455795288086,238522259
2023-12-01,71.54496765136719,342098446
2023-12-02,72.27222442626953,252948067
2023-12-03,72.25643157958984,260490911
2023-12-04,72.82166290283203,579013037
2023-12-05,74.29119873046875,409610732
2023-12-06,72.41529083251953,415760055
2023-12-07,74.05846405029297,380178224
2023-12-08,78.39876556396484,518109798
2023-12-09,76.27754974365234,646771325
2023-12-10,77.14188385009766,373110524
2023-12-11,72.65074920654297,562479070
2023-12-12,72.4129867553711,327096779
2023-12-13,73.1978530883789,409363158
2023-12-14,72.96341705322266,390459199
2023-12-15,70.95587921142578,289918266
2023-12-16,72.13298034667969,239288933
2023-12-17,71.23487091064453,296569366
2023-12-18,70.80284118652344,331991740
2023-12-19,70.61455535888672,268798362
2023-12-20,69.80497741699219,388377729
2023-12-21,70.92453002929688,337148848
2023-12-22,73.7297134399414,361158771
2023-12-23,72.5406265258789,300928578
2023-12-24,71.17471313476562,325474499
2023-12-25,72.27528381347656,272499306
2023-12-26,73.15052032470703,464032652
2023-12-27,75.85030364990234,534010451
2023-12-28,76.72232818603516,561930641
2023-12-29,73.40414428710938,516441232
2023-12-30,73.31273651123047,311515246
2023-12-31,72.7984390258789,286836101
2024-01-01,74.73192596435547,255667692
2024-01-02,72.98407745361328,386648433
2024-01-03,65.30164337158203,759247166
2024-01-04,66.49139404296875,396941206
2024-01-05,66.02114868164062,417630277
2024-01-06,65.67607879638672,285283013
2024-01-07,64.2574691772461,259336849
2024-01-08,67.80654907226562,504603252
2024-01-09,66.94928741455078,474216123
2024-01-10,69.89013671875,530257325
2024-01-11,71.9844741821289,680917400
2024-01-12,72.90021514892578,933230770
2024-01-13,71.98751068115234,405367417
2024-01-14,69.81559753417969,338194628
2024-01-15,69.255615234375,303171541
2024-01-16,69.47465515136719,333674337
2024-01-17,69.38614654541016,287190583
2024-01-18,67.99267578125,414154847
2024-01-19,71.1841812133789,403881358
2024-01-20,71.29741668701172,353477650
2024-01-21,71.60008239746094,231236531
2024-01-22,67.28827667236328,458158615
2024-01-23,65.44943237304688,408856695
2024-01-24,66.14016723632812,276316216
2024-01-25,65.49899291992188,234636079
2024-01-26,67.03406524658203,248070449
2024-01-27,68.08456420898438,211372666
2024-01-28,68.39750671386719,238275365
2024-01-29,68.45301055908203,276494459
2024-01-30,67.51202392578125,238389131
2024-01-31,66.75304412841797,348867643
2024-02-01,67.51658630371094,232108384
2024-02-02,68.0035171508789,203602294
2024-02-03,68.83683776855469,187461706
2024-02-04,66.93138885498047,207440125
2024-02-05,67.61941528320312,204854690
2024-02-06,68.29098510742188,215034847
2024-02-07,68.5560302734375,243889376
2024-02-08,70.5627670288086,271057492
2024-02-09,70.67704772949219,396248689
2024-02-10,70.80987548828125,229511617
2024-02-11,71.54000091552734,314543793
2024-02-12,72.93286895751953,301824432
2024-02-13,69.00106048583984,489477662
2024-02-14,69.89627838134766,437462934
2024-02-15,69.81148529052734,396502737
2024-02-16,70.6171646118164,313910640
2024-02-17,69.9896240234375,262442667
2024-02-18,70.7302474975586,250736447
2024-02-19,71.31204223632812,294953659
2024-02-20,69.65516662597656,391121481
2024-02-21,68.93756103515625,295704432
2024-02-22,68.76451873779297,311236598
2024-02-23,68.82816314697266,256867051
2024-02-24,70.3870620727539,241694583
2024-02-25,70.08211517333984,225632198
2024-02-26,71.9378890991211,389106739
2024-02-27,74.03375244140625,641863534
2024-02-28,74.59254455566406,768473291
2024-02-29,79.9408950805664,1042945490
2024-03-01,85.08411407470703,656274472
2024-03-02,94.41902923583984,1040122066
2024-03-03,90.66835021972656,707371775
2024-03-04,88.93545532226562,830931633
2024-03-05,82.04119873046875,1367572503
2024-03-06,85.82997131347656,742784629
2024-03-07,88.10804748535156,651436457
2024-03-08,88.63076782226562,704449860
2024-03-09,90.8468017578125,526302540
2024-03-10,87.50755310058594,482197828
2024-03-11,103.7921142578125,1538166122
2024-03-12,97.53800201416016,1160292398
2024-03-13,97.32198333740234,668550065
2024-03-14,94.11614227294922,835527149
2024-03-15,89.71339416503906,922321450
2024-03-16,84.13844299316406,622982146
2024-03-17,85.85752868652344,503681869
2024-03-18,87.1122055053711,563769105
2024-03-19,78.58637237548828,978488125
2024-03-20,84.78901672363281,727339448
2024-03-21,85.70162200927734,563676121
2024-03-22,83.31150817871094,473810620
2024-03-23,85.42414093017578,494227407
2024-03-24,89.69075012207031,614433135
2024-03-25,90.72403717041016,620722715
2024-03-26,95.86446380615234,964048565
2024-03-27,93.6755142211914,984598281
2024-03-28,94.2191162109375,702908138
2024-03-29,109.25897216796875,1803906237
2024-03-30,102.86311340332031,729886796
2024-03-31,105.18340301513672,638798519
2024-04-01,99.3753433227539,1354224503
2024-04-02,106.81754302978516,1576166267
2024-04-03,98.57223510742188,990603461
2024-04-04,98.40848541259766,952231750
2024-04-05,98.04344940185547,735964372
2024-04-06,101.50172424316406,496165238
2024-04-07,101.17562866210938,581333824
2024-04-08,103.3110580444336,706651161
2024-04-09,97.49812316894531,593234437
2024-04-10,96.69976043701172,571530949
2024-04-11,98.68910217285156,533522657
2024-04-12,86.26956939697266,1052316398
2024-04-13,77.60658264160156,1220477380
2024-04-14,79.9143295288086,833631968
2024-04-15,78.07315063476562,713883734
2024-04-16,79.92219543457031,487783387
2024-04-17,80.16748046875,428178765
2024-04-18,80.79938507080078,502655456
2024-04-19,80.9097900390625,484059666
2024-04-20,85.092041015625,342916025
2024-04-21,84.16567993164062,297434669
2024-04-22,85.4677963256836,379391982
2024-04-23,85.10800170898438,315895462
2024-04-24,83.16317749023438,520985490
2024-04-25,83.79810333251953,455920818
2024-04-26,87.99208068847656,600181600
2024-04-27,83.88262939453125,431405902
2024-04-28,83.95203399658203,297363904
2024-04-29,83.51525115966797,384053398
2024-04-30,79.49531555175781,409800293
2024-05-01,80.09586334228516,465312453
2024-05-02,80.12277221679688,313083456
2024-05-03,81.93013763427734,306780202
2024-05-04,81.6870346069336,252821970
2024-05-05,81.37557220458984,266211647
2024-05-06,80.78765106201172,401251818
2024-05-07,80.81792449951172,334396236
2024-05-08,81.6363525390625,362774817
2024-05-09,83.05622100830078,301587301
2024-05-10,80.2269287109375,314299445
2024-05-11,81.34529876708984,239865771
2024-05-12,81.38278198242188,199954369
2024-05-13,80.6013412475586,335695526
2024-05-14,78.73124694824219,391753723
2024-05-15,82.5345230102539,377340508
2024-05-16,82.45768737792969,324211603
2024-05-17,84.18548583984375,315118606
2024-05-18,83.86661529541016,250565475
2024-05-19,82.2212142944336,245911982
2024-05-20,88.60094451904297,488444835
2024-05-21,88.21318054199219,626800539
2024-05-22,85.71488189697266,456965594
2024-05-23,85.41560363769531,705291984
2024-05-24,84.98160552978516,454791324
2024-05-25,84.9808578491211,262450587
2024-05-26,83.8999252319336,260785016
2024-05-27,85.2121810913086,332515348
2024-05-28,83.3997802734375,406136903
2024-05-29,83.48149871826172,325029291
2024-05-30,84.41934967041016,374103585
2024-05-31,83.23851776123047,311113104
2024-06-01,83.43401336669922,199228313
2024-06-02,83.05375671386719,260625536
2024-06-03,82.7983627319336,323671050
2024-06-04,83.65545654296875,322575434
2024-06-05,85.41313171386719,298932207
2024-06-06,84.18112182617188,303021855
2024-06-07,80.08868408203125,591251891
2024-06-08,79.99410247802734,284518077
2024-06-09,80.51000213623047,286027438
2024-06-10,79.60232543945312,345564925
2024-06-11,77.28195190429688,566945767
2024-06-12,78.46941375732422,391170592
2024-06-13,79.14324188232422,348470946
2024-06-14,77.54237365722656,377573766
2024-06-15,79.19642639160156,235783709
2024-06-16,78.90593719482422,213769033
2024-06-17,76.62609100341797,374224288
2024-06-18,72.61646270751953,615015988
2024-06-19,73.7035140991211,294923125
2024-06-20,74.7087631225586,328191289
2024-06-21,74.11437225341797,357955358
2024-06-22,74.54924774169922,197490888
2024-06-23,73.380126953125,210095112
2024-06-24,69.6898193359375,535404321
2024-06-25,71.36486053466797,313829290
2024-06-26,70.9636001586914,276567055
2024-06-27,73.12354278564453,274414769
2024-06-28,72.76513671875,366036150
2024-06-29,74.92382049560547,295661343
2024-06-30,75.27999877929688,284483188
2024-07-01,74.34024810791016,258562233
2024-07-02,75.86390686035156,226870728
2024-07-03,72.0750503540039,395211144
2024-07-04,65.3156967163086,449109396
2024-07-05,61.88725662231445,714310543
2024-07-06,65.43029022216797,266484568
2024-07-07,62.062255859375,239300654
2024-07-08,64.86933135986328,397070221
2024-07-09,65.31686401367188,227402086
2024-07-10,66.93814849853516,235892135
2024-07-11,67.43598175048828,255074186
2024-07-12,69.27572631835938,308924534
2024-07-13,69.85125732421875,236979172
2024-07-14,69.96685791015625,229260943
2024-07-15,72.45584869384766,353497138
2024-07-16,73.20144653320312,382767108
2024-07-17,71.42044830322266,299830129
2024-07-18,71.6102294921875,249796825
2024-07-19,73.45670318603516,316824843
2024-07-20,73.07349395751953,215480330
2024-07-21,73.988525390625,255675000
2024-07-22,71.30793762207031,476945507
2024-07-23,72.93016052246094,310802776
2024-07-24,71.24752044677734,253444139
2024-07-25,68.8547592163086,375680971
2024-07-26,71.3331069946289,243237326
2024-07-27,71.3629379272461,243026963
2024-07-28,71.1284408569336,187721468
2024-07-29,73.74948120117188,462935071
2024-07-30,71.6852035522461,259291619
2024-07-31,70.19042205810547,257603953
2024-08-01,69.56616973876953,343996932
2024-08-02,64.99111938476562,339170811
2024-08-03,64.6042251586914,297433385
2024-08-04,62.396121978759766,281214196
2024-08-05,56.21337890625,1092702214
2024-08-06,58.263362884521484,349503018
2024-08-07,55.983909606933594,367194429
2024-08-08,61.22355270385742,294496934
2024-08-09,60.74286651611328,246443804
2024-08-10,61.17485427856445,176462072
2024-08-11,59.70698165893555,233911051
2024-08-12,61.4669075012207,299287490
2024-08-13,63.41337966918945,255498754
2024-08-14,64.01732635498047,263275082
2024-08-15,65.27692413330078,391715001
2024-08-16,66.56855773925781,324517098
2024-08-17,67.58361053466797,205601591
2024-08-18,66.38336181640625,222494748
2024-08-19,66.36810302734375,256252677
2024-08-20,64.48001098632812,285075432
2024-08-21,64.28144836425781,309111692
2024-08-22,63.83037567138672,245199798
2024-08-23,66.20084381103516,278557924
2024-08-24,66.57865905761719,234226298
2024-08-25,64.84695434570312,233579393
2024-08-26,63.17496109008789,246877104
2024-08-27,60.463035583496094,284396748
2024-08-28,61.802040100097656,295624638
2024-08-29,62.483680725097656,336726050
2024-08-30,64.97552490234375,324286731
2024-08-31,65.05883026123047,230541644
