Date,Gold_Price
2015-01-09,1211.25
2015-01-10,1211.25
2015-01-11,1211.25
2015-01-12,1222.0
2015-01-13,1239.0
2015-01-14,1228.75
2015-01-15,1235.25
2015-01-16,1258.25
2015-01-17,1258.25
2015-01-18,1258.25
2015-01-19,1275.5
2015-01-20,1292.25
2015-01-21,1298.0
2015-01-22,1287.0
2015-01-23,1293.5
2015-01-24,1293.5
2015-01-25,1293.5
2015-01-26,1282.75
2015-01-27,1279.0
2015-01-28,1287.0
2015-01-29,1275.5
2015-01-30,1263.5
2015-01-31,1263.5
2015-02-01,1263.5
2015-02-02,1274.25
2015-02-03,1281.0
2015-02-04,1269.25
2015-02-05,1263.75
2015-02-06,1264.0
2015-02-07,1264.0
2015-02-08,1264.0
2015-02-09,1242.25
2015-02-10,1237.5
2015-02-11,1235.5
2015-02-12,1225.25
2015-02-13,1225.75
2015-02-14,1225.75
2015-02-15,1225.75
2015-02-16,1233.5
2015-02-17,1221.75
2015-02-18,1206.5
2015-02-19,1217.75
2015-02-20,1203.5
2015-02-21,1203.5
2015-02-22,1203.5
2015-02-23,1193.5
2015-02-24,1195.5
2015-02-25,1206.5
2015-02-26,1220.0
2015-02-27,1205.0
2015-02-28,1205.0
2015-03-01,1205.0
2015-03-02,1216.75
2015-03-03,1207.75
2015-03-04,1204.25
2015-03-05,1199.75
2015-03-06,1196.5
2015-03-07,1196.5
2015-03-08,1196.5
2015-03-09,1173.75
2015-03-10,1161.0
2015-03-11,1158.75
2015-03-12,1161.25
2015-03-13,1156.5
2015-03-14,1156.5
2015-03-15,1156.5
2015-03-16,1157.0
2015-03-17,1154.75
2015-03-18,1149.0
2015-03-19,1164.0
2015-03-20,1171.75
2015-03-21,1171.75
2015-03-22,1171.75
2015-03-23,1181.4
2015-03-24,1193.25
2015-03-25,1192.55
2015-03-26,1209.4
2015-03-27,1198.0
2015-03-28,1198.0
2015-03-29,1198.0
2015-03-30,1187.4
2015-03-31,1179.25
2015-04-01,1181.25
2015-04-02,1201.5
2015-04-03,1201.5
2015-04-04,1201.5
2015-04-05,1201.5
2015-04-06,1201.5
2015-04-07,1208.5
2015-04-08,1211.1
2015-04-09,1196.0
2015-04-10,1201.9
2015-04-11,1201.9
2015-04-12,1201.9
2015-04-13,1197.85
2015-04-14,1191.45
2015-04-15,1189.85
2015-04-16,1204.6
2015-04-17,1204.55
2015-04-18,1204.55
2015-04-19,1204.55
2015-04-20,1203.25
2015-04-21,1197.7
2015-04-22,1202.4
2015-04-23,1187.75
2015-04-24,1192.15
2015-04-25,1192.15
2015-04-26,1192.15
2015-04-27,1182.75
2015-04-28,1201.4
2015-04-29,1204.8
2015-04-30,1204.3
2015-05-01,1179.0
2015-05-02,1179.0
2015-05-03,1179.0
2015-05-04,1179.0
2015-05-05,1187.4
2015-05-06,1191.25
2015-05-07,1183.0
2015-05-08,1185.25
2015-05-09,1185.25
2015-05-10,1185.25
2015-05-11,1184.75
2015-05-12,1184.45
2015-05-13,1193.0
2015-05-14,1214.75
2015-05-15,1216.3
2015-05-16,1216.3
2015-05-17,1216.3
2015-05-18,1228.15
2015-05-19,1219.65
2015-05-20,1206.75
2015-05-21,1209.6
2015-05-22,1211.0
2015-05-23,1211.0
2015-05-24,1211.0
2015-05-25,1211.0
2015-05-26,1194.0
2015-05-27,1186.5
2015-05-28,1188.8
2015-05-29,1189.8
2015-05-30,1189.8
2015-05-31,1189.8
2015-06-01,1188.7
2015-06-02,1194.4
2015-06-03,1184.9
2015-06-04,1175.2
2015-06-05,1168.1
2015-06-06,1168.1
2015-06-07,1168.1
2015-06-08,1173.6
2015-06-09,1177.6
2015-06-10,1186.6
2015-06-11,1180.4
2015-06-12,1179.2
2015-06-13,1179.2
2015-06-14,1179.2
2015-06-15,1185.8
2015-06-16,1180.9
2015-06-17,1176.8
2015-06-18,1202.0
2015-06-19,1201.9
2015-06-20,1201.9
2015-06-21,1201.9
2015-06-22,1184.1
2015-06-23,1176.6
2015-06-24,1172.9
2015-06-25,1171.8
2015-06-26,1173.2
2015-06-27,1173.2
2015-06-28,1173.2
2015-06-29,1179.0
2015-06-30,1171.8
2015-07-01,1169.3
2015-07-02,1163.5
2015-07-03,1168.25
2015-07-04,1168.25
2015-07-05,1168.25
2015-07-06,1173.2
2015-07-07,1152.6
2015-07-08,1163.5
2015-07-09,1159.2
2015-07-10,1157.9
2015-07-11,1157.9
2015-07-12,1157.9
2015-07-13,1155.4
2015-07-14,1153.5
2015-07-15,1147.4
2015-07-16,1143.9
2015-07-17,1131.9
2015-07-18,1131.9
2015-07-19,1131.9
2015-07-20,1106.8
2015-07-21,1103.5
2015-07-22,1091.5
2015-07-23,1095.1
2015-07-24,1086.0
2015-07-25,1086.0
2015-07-26,1086.0
2015-07-27,1096.9
2015-07-28,1096.7
2015-07-29,1093.3
2015-07-30,1088.7
2015-07-31,1095.1
2015-08-01,1095.1
2015-08-02,1095.1
2015-08-03,1089.4
2015-08-04,1090.7
2015-08-05,1085.6
2015-08-06,1090.1
2015-08-07,1094.1
2015-08-08,1094.1
2015-08-09,1094.1
2015-08-10,1104.1
2015-08-11,1107.7
2015-08-12,1123.6
2015-08-13,1115.6
2015-08-14,1112.7
2015-08-15,1112.7
2015-08-16,1112.7
2015-08-17,1118.4
2015-08-18,1116.9
2015-08-19,1127.9
2015-08-20,1153.2
2015-08-21,1159.6
2015-08-22,1159.6
2015-08-23,1159.6
2015-08-24,1153.6
2015-08-25,1138.3
2015-08-26,1124.6
2015-08-27,1122.6
2015-08-28,1134.0
2015-08-29,1134.0
2015-08-30,1134.0
2015-08-31,1132.5
2015-09-01,1139.8
2015-09-02,1133.6
2015-09-03,1124.5
2015-09-04,1121.4
2015-09-05,1121.4
2015-09-06,1121.4
2015-09-07,1121.0
2015-09-08,1121.0
2015-09-09,1102.0
2015-09-10,1109.3
2015-09-11,1103.3
2015-09-12,1103.3
2015-09-13,1103.3
2015-09-14,1107.7
2015-09-15,1102.6
2015-09-16,1119.0
2015-09-17,1117.0
2015-09-18,1137.8
2015-09-19,1137.8
2015-09-20,1137.8
2015-09-21,1132.8
2015-09-22,1124.8
2015-09-23,1131.5
2015-09-24,1153.8
2015-09-25,1145.6
2015-09-26,1145.6
2015-09-27,1145.6
2015-09-28,1131.7
2015-09-29,1126.8
2015-09-30,1115.2
2015-10-01,1113.7
2015-10-02,1136.6
2015-10-03,1136.6
2015-10-04,1136.6
2015-10-05,1137.6
2015-10-06,1146.4
2015-10-07,1148.7
2015-10-08,1144.3
2015-10-09,1155.9
2015-10-10,1155.9
2015-10-11,1155.9
2015-10-12,1164.5
2015-10-13,1165.4
2015-10-14,1179.8
2015-10-15,1187.5
2015-10-16,1183.1
2015-10-17,1183.1
2015-10-18,1183.1
2015-10-19,1172.8
2015-10-20,1177.5
2015-10-21,1167.1
2015-10-22,1166.1
2015-10-23,1162.8
2015-10-24,1162.8
2015-10-25,1162.8
2015-10-26,1166.2
2015-10-27,1165.8
2015-10-28,1176.1
2015-10-29,1147.3
2015-10-30,1141.4
2015-10-31,1141.4
2015-11-01,1141.4
2015-11-02,1135.9
2015-11-03,1114.1
2015-11-04,1106.2
2015-11-05,1104.2
2015-11-06,1087.7
2015-11-07,1087.7
2015-11-08,1087.7
2015-11-09,1088.1
2015-11-10,1088.5
2015-11-11,1084.9
2015-11-12,1081.0
2015-11-13,1080.9
2015-11-14,1080.9
2015-11-15,1080.9
2015-11-16,1083.6
2015-11-17,1068.6
2015-11-18,1068.7
2015-11-19,1078.1
2015-11-20,1076.3
2015-11-21,1076.3
2015-11-22,1076.3
2015-11-23,1066.6
2015-11-24,1073.3
2015-11-25,1069.7
2015-11-26,1070.5
2015-11-27,1056.2
2015-11-28,1056.2
2015-11-29,1056.2
2015-11-30,1065.3
2015-12-01,1063.5
2015-12-02,1053.8
2015-12-03,1061.2
2015-12-04,1084.1
2015-12-05,1084.1
2015-12-06,1084.1
2015-12-07,1075.2
2015-12-08,1075.3
2015-12-09,1076.5
2015-12-10,1072.0
2015-12-11,1075.7
2015-12-12,1075.7
2015-12-13,1075.7
2015-12-14,1063.4
2015-12-15,1061.6
2015-12-16,1076.8
2015-12-17,1049.6
2015-12-18,1065.0
2015-12-19,1065.0
2015-12-20,1065.0
2015-12-21,1080.6
2015-12-22,1074.1
2015-12-23,1068.3
2015-12-24,1075.9
2015-12-25,1075.9
2015-12-26,1075.9
2015-12-27,1075.9
2015-12-28,1068.3
2015-12-29,1068.0
2015-12-30,1059.8
2015-12-31,1060.2
2016-01-01,1060.2
2016-01-02,1060.2
2016-01-03,1060.2
2016-01-04,1075.2
2016-01-05,1078.4
2016-01-06,1091.9
2016-01-07,1107.8
2016-01-08,1097.9
2016-01-09,1097.9
2016-01-10,1097.9
2016-01-11,1096.2
2016-01-12,1085.2
2016-01-13,1087.1
2016-01-14,1073.6
2016-01-15,1090.7
2016-01-16,1090.7
2016-01-17,1090.7
2016-01-18,1090.45
2016-01-19,1089.1
2016-01-20,1106.2
2016-01-21,1098.2
2016-01-22,1096.3
2016-01-23,1096.3
2016-01-24,1096.3
2016-01-25,1105.6
2016-01-26,1120.6
2016-01-27,1116.3
2016-01-28,1116.1
2016-01-29,1116.4
2016-01-30,1116.4
2016-01-31,1116.4
2016-02-01,1128.0
2016-02-02,1127.2
2016-02-03,1141.3
2016-02-04,1157.5
2016-02-05,1157.7
2016-02-06,1157.7
2016-02-07,1157.7
2016-02-08,1197.9
2016-02-09,1198.6
2016-02-10,1194.6
2016-02-11,1247.8
2016-02-12,1239.4
2016-02-13,1239.4
2016-02-14,1239.4
2016-02-15,1208.45
2016-02-16,1208.2
2016-02-17,1211.4
2016-02-18,1226.3
2016-02-19,1230.8
2016-02-20,1230.8
2016-02-21,1230.8
2016-02-22,1210.1
2016-02-23,1222.6
2016-02-24,1239.1
2016-02-25,1238.8
2016-02-26,1220.4
2016-02-27,1220.4
2016-02-28,1220.4
2016-02-29,1234.4
2016-03-01,1230.8
2016-03-02,1241.8
2016-03-03,1258.2
2016-03-04,1270.7
2016-03-05,1270.7
2016-03-06,1270.7
2016-03-07,1264.0
2016-03-08,1262.9
2016-03-09,1257.4
2016-03-10,1272.8
2016-03-11,1259.4
2016-03-12,1259.4
2016-03-13,1259.4
2016-03-14,1245.1
2016-03-15,1231.0
2016-03-16,1229.8
2016-03-17,1265.0
2016-03-18,1254.3
2016-03-19,1254.3
2016-03-20,1254.3
2016-03-21,1244.2
2016-03-22,1250.3
2016-03-23,1225.6
2016-03-24,1223.5
2016-03-25,1223.5
2016-03-26,1223.5
2016-03-27,1223.5
2016-03-28,1222.0
2016-03-29,1237.5
2016-03-30,1228.6
2016-03-31,1235.6
2016-04-01,1223.5
2016-04-02,1223.5
2016-04-03,1223.5
2016-04-04,1219.3
2016-04-05,1229.6
2016-04-06,1223.8
2016-04-07,1237.5
2016-04-08,1243.8
2016-04-09,1243.8
2016-04-10,1243.8
2016-04-11,1258.0
2016-04-12,1260.9
2016-04-13,1248.3
2016-04-14,1226.5
2016-04-15,1234.6
2016-04-16,1234.6
2016-04-17,1234.6
2016-04-18,1235.0
2016-04-19,1254.3
2016-04-20,1254.4
2016-04-21,1250.3
2016-04-22,1230.0
2016-04-23,1230.0
2016-04-24,1235.3
2016-04-25,1240.2
2016-04-26,1243.4
2016-04-27,1250.4
2016-04-28,1266.4
2016-04-29,1290.5
2016-04-30,1290.5
2016-05-01,1293.8
2016-05-02,1295.8
2016-05-03,1291.8
2016-05-04,1274.4
2016-05-05,1272.3
2016-05-06,1294.0
2016-05-07,1294.0
2016-05-08,1286.0
2016-05-09,1266.6
2016-05-10,1264.8
2016-05-11,1275.5
2016-05-12,1271.2
2016-05-13,1272.7
2016-05-14,1272.7
2016-05-15,1277.9
2016-05-16,1274.2
2016-05-17,1276.9
2016-05-18,1274.4
2016-05-19,1254.8
2016-05-20,1252.9
2016-05-21,1252.9
2016-05-22,1255.1
2016-05-23,1254.9
2016-05-24,1232.2
2016-05-25,1226.6
2016-05-26,1222.7
2016-05-27,1216.7
2016-05-28,1216.7
2016-05-29,1216.7
2016-05-30,1216.7
2016-05-31,1217.5
2016-06-01,1214.7
2016-06-02,1212.6
2016-06-03,1242.9
2016-06-04,1242.9
2016-06-05,1242.9
2016-06-06,1247.4
2016-06-07,1247.0
2016-06-08,1262.3
2016-06-09,1272.7
2016-06-10,1275.9
2016-06-11,1275.9
2016-06-12,1275.9
2016-06-13,1286.9
2016-06-14,1288.1
2016-06-15,1288.3
2016-06-16,1298.4
2016-06-17,1294.8
2016-06-18,1294.8
2016-06-19,1294.8
2016-06-20,1292.1
2016-06-21,1272.5
2016-06-22,1270.0
2016-06-23,1263.1
2016-06-24,1322.4
2016-06-25,1322.4
2016-06-26,1322.4
2016-06-27,1324.7
2016-06-28,1317.9
2016-06-29,1326.9
2016-06-30,1320.6
2016-07-01,1339.0
2016-07-02,1339.0
2016-07-03,1339.0
2016-07-04,1353.5
2016-07-05,1358.7
2016-07-06,1367.1
2016-07-07,1362.1
2016-07-08,1358.4
2016-07-09,1358.4
2016-07-10,1358.4
2016-07-11,1356.6
2016-07-12,1335.3
2016-07-13,1343.6
2016-07-14,1332.2
2016-07-15,1327.4
2016-07-16,1327.4
2016-07-17,1327.4
2016-07-18,1329.3
2016-07-19,1332.3
2016-07-20,1319.3
2016-07-21,1338.9
2016-07-22,1331.5
2016-07-23,1331.5
2016-07-24,1331.5
2016-07-25,1327.2
2016-07-26,1328.3
2016-07-27,1334.5
2016-07-28,1341.2
2016-07-29,1357.5
2016-07-30,1357.5
2016-07-31,1357.5
2016-08-01,1359.6
2016-08-02,1372.6
2016-08-03,1364.7
2016-08-04,1367.4
2016-08-05,1344.4
2016-08-06,1344.4
2016-08-07,1344.4
2016-08-08,1341.3
2016-08-09,1346.7
2016-08-10,1351.9
2016-08-11,1350.0
2016-08-12,1343.2
2016-08-13,1343.2
2016-08-14,1343.2
2016-08-15,1347.5
2016-08-16,1356.9
2016-08-17,1348.8
2016-08-18,1357.2
2016-08-19,1346.2
2016-08-20,1346.2
2016-08-21,1346.2
2016-08-22,1343.4
2016-08-23,1346.1
2016-08-24,1329.7
2016-08-25,1324.6
2016-08-26,1325.9
2016-08-27,1325.9
2016-08-28,1325.9
2016-08-29,1327.1
2016-08-30,1316.5
2016-08-31,1311.4
2016-09-01,1317.1
2016-09-02,1326.7
2016-09-03,1326.7
2016-09-04,1326.7
2016-09-05,1330.7
2016-09-06,1354.0
2016-09-07,1349.2
2016-09-08,1341.6
2016-09-09,1334.5
2016-09-10,1334.5
2016-09-11,1334.5
2016-09-12,1325.6
2016-09-13,1323.7
2016-09-14,1326.1
2016-09-15,1318.0
2016-09-16,1310.2
2016-09-17,1310.2
2016-09-18,1310.2
2016-09-19,1317.8
2016-09-20,1318.2
2016-09-21,1331.4
2016-09-22,1344.7
2016-09-23,1341.7
2016-09-24,1341.7
2016-09-25,1341.7
2016-09-26,1344.1
2016-09-27,1330.4
2016-09-28,1323.7
2016-09-29,1326.0
2016-09-30,1317.1
2016-10-01,1317.1
2016-10-02,1317.1
2016-10-03,1312.7
2016-10-04,1269.7
2016-10-05,1268.6
2016-10-06,1253.0
2016-10-07,1251.9
2016-10-08,1251.9
2016-10-09,1251.9
2016-10-10,1260.4
2016-10-11,1255.9
2016-10-12,1253.8
2016-10-13,1257.6
2016-10-14,1255.5
2016-10-15,1255.5
2016-10-16,1255.5
2016-10-17,1256.6
2016-10-18,1262.9
2016-10-19,1269.9
2016-10-20,1267.5
2016-10-21,1267.7
2016-10-22,1267.7
2016-10-23,1267.7
2016-10-24,1263.7
2016-10-25,1273.6
2016-10-26,1266.6
2016-10-27,1269.5
2016-10-28,1276.8
2016-10-29,1276.8
2016-10-30,1276.8
2016-10-31,1273.1
2016-11-01,1288.0
2016-11-02,1308.2
2016-11-03,1303.3
2016-11-04,1304.5
2016-11-05,1304.5
2016-11-06,1304.5
2016-11-07,1279.4
2016-11-08,1274.5
2016-11-09,1273.5
2016-11-10,1266.4
2016-11-11,1224.3
2016-11-12,1224.3
2016-11-13,1224.3
2016-11-14,1221.7
2016-11-15,1224.5
2016-11-16,1223.9
2016-11-17,1216.9
2016-11-18,1208.7
2016-11-19,1208.7
2016-11-20,1208.7
2016-11-21,1209.8
2016-11-22,1214.1
2016-11-23,1192.4
2016-11-24,1183.6
2016-11-25,1181.0
2016-11-26,1181.0
2016-11-27,1181.0
2016-11-28,1193.8
2016-11-29,1190.8
2016-11-30,1173.9
2016-12-01,1169.4
2016-12-02,1177.8
2016-12-03,1177.8
2016-12-04,1177.8
2016-12-05,1176.5
2016-12-06,1170.1
2016-12-07,1177.5
2016-12-08,1172.4
2016-12-09,1161.9
2016-12-10,1161.9
2016-12-11,1161.9
2016-12-12,1165.8
2016-12-13,1159.0
2016-12-14,1163.7
2016-12-15,1129.8
2016-12-16,1137.4
2016-12-17,1137.4
2016-12-18,1137.4
2016-12-19,1142.7
2016-12-20,1133.6
2016-12-21,1133.2
2016-12-22,1130.7
2016-12-23,1133.6
2016-12-24,1133.6
2016-12-25,1133.6
2016-12-26,1133.6
2016-12-27,1138.8
2016-12-28,1140.9
2016-12-29,1158.1
2016-12-30,1151.7
2016-12-31,1151.7
2017-01-01,1151.7
2017-01-02,1151.7
2017-01-03,1162.0
2017-01-04,1165.3
2017-01-05,1181.3
2017-01-06,1173.4
2017-01-07,1173.4
2017-01-08,1173.4
2017-01-09,1184.9
2017-01-10,1185.5
2017-01-11,1196.6
2017-01-12,1199.8
2017-01-13,1196.2
2017-01-14,1196.2
2017-01-15,1196.2
2017-01-16,1202.6
2017-01-17,1212.9
2017-01-18,1212.1
2017-01-19,1201.5
2017-01-20,1204.9
2017-01-21,1204.9
2017-01-22,1204.9
2017-01-23,1218.5
2017-01-24,1213.6
2017-01-25,1200.5
2017-01-26,1192.5
2017-01-27,1191.1
2017-01-28,1191.1
2017-01-29,1191.1
2017-01-30,1196.0
2017-01-31,1211.4
2017-02-01,1208.3
2017-02-02,1219.4
2017-02-03,1220.8
2017-02-04,1220.8
2017-02-05,1220.8
2017-02-06,1232.1
2017-02-07,1236.1
2017-02-08,1239.5
2017-02-09,1236.8
2017-02-10,1235.9
2017-02-11,1235.9
2017-02-12,1235.9
2017-02-13,1225.8
2017-02-14,1225.4
2017-02-15,1233.1
2017-02-16,1241.6
2017-02-17,1239.1
2017-02-18,1239.1
2017-02-19,1239.1
2017-02-20,1238.5
2017-02-21,1238.9
2017-02-22,1233.3
2017-02-23,1251.4
2017-02-24,1258.3
2017-02-25,1258.3
2017-02-26,1258.3
2017-02-27,1258.8
2017-02-28,1253.9
2017-03-01,1250.0
2017-03-02,1232.9
2017-03-03,1226.5
2017-03-04,1226.5
2017-03-05,1226.5
2017-03-06,1225.5
2017-03-07,1216.1
2017-03-08,1209.4
2017-03-09,1203.2
2017-03-10,1201.4
2017-03-11,1201.4
2017-03-12,1201.4
2017-03-13,1203.1
2017-03-14,1202.6
2017-03-15,1200.7
2017-03-16,1227.1
2017-03-17,1230.2
2017-03-18,1230.2
2017-03-19,1230.2
2017-03-20,1234.0
2017-03-21,1249.6
2017-03-22,1252.8
2017-03-23,1250.1
2017-03-24,1251.7
2017-03-25,1251.7
2017-03-26,1251.7
2017-03-27,1258.8
2017-03-28,1258.8
2017-03-29,1256.8
2017-03-30,1248.0
2017-03-31,1251.2
2017-04-01,1251.2
2017-04-02,1251.2
2017-04-03,1254.0
2017-04-04,1258.4
2017-04-05,1248.5
2017-04-06,1253.3
2017-04-07,1257.3
2017-04-08,1257.3
2017-04-09,1257.3
2017-04-10,1253.9
2017-04-11,1274.2
2017-04-12,1278.1
2017-04-13,1288.5
2017-04-14,1288.5
2017-04-15,1288.5
2017-04-16,1288.5
2017-04-17,1291.9
2017-04-18,1294.1
2017-04-19,1283.4
2017-04-20,1283.8
2017-04-21,1289.1
2017-04-22,1289.1
2017-04-23,1289.1
2017-04-24,1277.5
2017-04-25,1267.2
2017-04-26,1264.2
2017-04-27,1265.9
2017-04-28,1268.3
2017-04-29,1268.3
2017-04-30,1268.3
2017-05-01,1255.5
2017-05-02,1257.0
2017-05-03,1248.5
2017-05-04,1228.6
2017-05-05,1226.9
2017-05-06,1226.9
2017-05-07,1226.9
2017-05-08,1227.1
2017-05-09,1216.1
2017-05-10,1218.9
2017-05-11,1224.2
2017-05-12,1227.7
2017-05-13,1227.7
2017-05-14,1227.7
2017-05-15,1230.0
2017-05-16,1236.4
2017-05-17,1258.7
2017-05-18,1252.8
2017-05-19,1253.6
2017-05-20,1253.6
2017-05-21,1253.6
2017-05-22,1261.4
2017-05-23,1258.9
2017-05-24,1256.5
2017-05-25,1259.8
2017-05-26,1271.4
2017-05-27,1271.4
2017-05-28,1271.4
2017-05-29,1269.9
2017-05-30,1265.7
2017-05-31,1275.4
2017-06-01,1270.1
2017-06-02,1280.2
2017-06-03,1280.2
2017-06-04,1280.2
2017-06-05,1282.7
2017-06-06,1297.5
2017-06-07,1293.2
2017-06-08,1279.5
2017-06-09,1271.4
2017-06-10,1271.4
2017-06-11,1271.4
2017-06-12,1268.9
2017-06-13,1268.6
2017-06-14,1275.9
2017-06-15,1254.6
2017-06-16,1256.5
2017-06-17,1256.5
2017-06-18,1256.5
2017-06-19,1246.7
2017-06-20,1243.5
2017-06-21,1245.8
2017-06-22,1249.4
2017-06-23,1256.4
2017-06-24,1256.4
2017-06-25,1256.4
2017-06-26,1246.4
2017-06-27,1246.9
2017-06-28,1249.1
2017-06-29,1245.8
2017-06-30,1242.3
2017-07-01,1242.3
2017-07-02,1242.3
2017-07-03,1219.2
2017-07-04,1223.0
2017-07-05,1221.7
2017-07-06,1223.3
2017-07-07,1209.7
2017-07-08,1209.7
2017-07-09,1209.7
2017-07-10,1213.2
2017-07-11,1214.7
2017-07-12,1219.1
2017-07-13,1217.3
2017-07-14,1227.5
2017-07-15,1227.5
2017-07-16,1227.5
2017-07-17,1233.7
2017-07-18,1241.9
2017-07-19,1248.8
2017-07-20,1252.1
2017-07-21,1261.0
2017-07-22,1261.0
2017-07-23,1261.0
2017-07-24,1260.7
2017-07-25,1258.5
2017-07-26,1255.6
2017-07-27,1266.5
2017-07-28,1275.3
2017-07-29,1275.3
2017-07-30,1275.3
2017-07-31,1273.4
2017-08-01,1279.4
2017-08-02,1278.4
2017-08-03,1274.4
2017-08-04,1264.6
2017-08-05,1264.6
2017-08-06,1264.6
2017-08-07,1264.7
2017-08-08,1262.6
2017-08-09,1279.3
2017-08-10,1290.1
2017-08-11,1294.0
2017-08-12,1294.0
2017-08-13,1294.0
2017-08-14,1290.4
2017-08-15,1279.7
2017-08-16,1282.9
2017-08-17,1292.4
2017-08-18,1291.6
2017-08-19,1291.6
2017-08-20,1291.6
2017-08-21,1296.7
2017-08-22,1291.0
2017-08-23,1294.7
2017-08-24,1292.0
2017-08-25,1297.9
2017-08-26,1297.9
2017-08-27,1297.9
2017-08-28,1315.3
2017-08-29,1318.9
2017-08-30,1314.1
2017-08-31,1322.2
2017-09-01,1330.4
2017-09-02,1330.4
2017-09-03,1330.4
2017-09-04,1339.4
2017-09-05,1344.5
2017-09-06,1339.0
2017-09-07,1350.3
2017-09-08,1351.2
2017-09-09,1351.2
2017-09-10,1351.2
2017-09-11,1335.7
2017-09-12,1332.7
2017-09-13,1328.0
2017-09-14,1329.3
2017-09-15,1325.2
2017-09-16,1325.2
2017-09-17,1325.2
2017-09-18,1310.8
2017-09-19,1310.6
2017-09-20,1316.4
2017-09-21,1294.8
2017-09-22,1297.5
2017-09-23,1297.5
2017-09-24,1297.5
2017-09-25,1311.5
2017-09-26,1301.7
2017-09-27,1287.8
2017-09-28,1288.7
2017-09-29,1284.8
2017-09-30,1284.8
2017-10-01,1284.8
2017-10-02,1275.8
2017-10-03,1274.6
2017-10-04,1276.8
2017-10-05,1273.2
2017-10-06,1274.9
2017-10-07,1274.9
2017-10-08,1274.9
2017-10-09,1285.0
2017-10-10,1293.8
2017-10-11,1288.9
2017-10-12,1296.5
2017-10-13,1304.6
2017-10-14,1304.6
2017-10-15,1304.6
2017-10-16,1303.0
2017-10-17,1286.2
2017-10-18,1283.0
2017-10-19,1290.0
2017-10-20,1280.5
2017-10-21,1280.5
2017-10-22,1280.5
2017-10-23,1280.9
2017-10-24,1278.3
2017-10-25,1279.0
2017-10-26,1269.6
2017-10-27,1271.8
2017-10-28,1271.8
2017-10-29,1271.8
2017-10-30,1277.7
2017-10-31,1270.5
2017-11-01,1277.3
2017-11-02,1278.1
2017-11-03,1269.2
2017-11-04,1269.2
2017-11-05,1269.2
2017-11-06,1281.6
2017-11-07,1275.8
2017-11-08,1283.7
2017-11-09,1287.5
2017-11-10,1274.2
2017-11-11,1274.2
2017-11-12,1274.2
2017-11-13,1278.9
2017-11-14,1282.9
2017-11-15,1277.7
2017-11-16,1278.2
2017-11-17,1283.85
2017-11-18,1283.85
2017-11-19,1283.85
2017-11-20,1292.35
2017-11-21,1280.0
2017-11-22,1283.95
2017-11-23,1290.15
2017-11-24,1289.15
2017-11-25,1289.15
2017-11-26,1289.15
2017-11-27,1294.7
2017-11-28,1293.9
2017-11-29,1294.85
2017-11-30,1282.15
2017-12-01,1277.25
2017-12-02,1277.25
2017-12-03,1277.25
2017-12-04,1279.1
2017-12-05,1275.9
2017-12-06,1268.55
2017-12-07,1256.8
2017-12-08,1245.85
2017-12-09,1245.85
2017-12-10,1245.85
2017-12-11,1251.4
2017-12-12,1243.4
2017-12-13,1241.6
2017-12-14,1255.6
2017-12-15,1257.25
2017-12-16,1257.25
2017-12-17,1257.25
2017-12-18,1258.65
2017-12-19,1263.1
2017-12-20,1265.95
2017-12-21,1265.85
2017-12-22,1268.05
2017-12-23,1268.05
2017-12-24,1268.05
2017-12-25,1268.05
2017-12-26,1268.05
2017-12-27,1285.4
2017-12-28,1291.6
2017-12-29,1296.5
2017-12-30,1296.5
2017-12-31,1296.5
2018-01-01,1296.5
2018-01-02,1312.8
2018-01-03,1314.6
2018-01-04,1313.7
2018-01-05,1317.9
2018-01-06,1317.9
2018-01-07,1317.9
2018-01-08,1318.8
2018-01-09,1314.95
2018-01-10,1321.65
2018-01-11,1319.85
2018-01-12,1332.9
2018-01-13,1332.9
2018-01-14,1332.9
2018-01-15,1343.0
2018-01-16,1334.95
2018-01-17,1337.35
2018-01-18,1329.75
2018-01-19,1335.8
2018-01-20,1335.8
2018-01-21,1335.8
2018-01-22,1334.15
2018-01-23,1337.1
2018-01-24,1350.5
2018-01-25,1360.25
2018-01-26,1354.35
2018-01-27,1354.35
2018-01-28,1354.35
2018-01-29,1348.4
2018-01-30,1345.7
2018-01-31,1343.35
2018-02-01,1341.1
2018-02-02,1345.0
2018-02-03,1345.0
2018-02-04,1345.0
2018-02-05,1337.1
2018-02-06,1344.65
2018-02-07,1328.5
2018-02-08,1311.05
2018-02-09,1316.05
2018-02-10,1316.05
2018-02-11,1316.05
2018-02-12,1321.7
2018-02-13,1329.4
2018-02-14,1330.75
2018-02-15,1353.7
2018-02-16,1358.6
2018-02-17,1358.6
2018-02-18,1358.6
2018-02-19,1347.4
2018-02-20,1337.4
2018-02-21,1328.6
2018-02-22,1323.5
2018-02-23,1328.9
2018-02-24,1328.9
2018-02-25,1328.9
2018-02-26,1339.05
2018-02-27,1332.75
2018-02-28,1320.3
2018-03-01,1311.25
2018-03-02,1316.75
2018-03-03,1316.75
2018-03-04,1316.75
2018-03-05,1326.3
2018-03-06,1324.95
2018-03-07,1332.5
2018-03-08,1325.4
2018-03-09,1319.35
2018-03-10,1319.35
2018-03-11,1319.35
2018-03-12,1317.25
2018-03-13,1318.7
2018-03-14,1324.95
2018-03-15,1323.35
2018-03-16,1320.05
2018-03-17,1320.05
2018-03-18,1320.05
2018-03-19,1311.7
2018-03-20,1312.75
2018-03-21,1316.35
2018-03-22,1328.85
2018-03-23,1342.35
2018-03-24,1342.35
2018-03-25,1342.35
2018-03-26,1348.4
2018-03-27,1350.65
2018-03-28,1341.05
2018-03-29,1323.9
2018-03-30,1323.9
2018-03-31,1323.9
2018-04-01,1323.9
2018-04-02,1323.9
2018-04-03,1336.6
2018-04-04,1343.15
2018-04-05,1327.05
2018-04-06,1325.6
2018-04-07,1325.6
2018-04-08,1325.6
2018-04-09,1328.5
2018-04-10,1335.95
2018-04-11,1345.2
2018-04-12,1345.9
2018-04-13,1340.75
2018-04-14,1340.75
2018-04-15,1340.75
2018-04-16,1344.4
2018-04-17,1342.95
2018-04-18,1346.55
2018-04-19,1347.9
2018-04-20,1340.15
2018-04-21,1340.15
2018-04-22,1340.15
2018-04-23,1328.0
2018-04-24,1327.35
2018-04-25,1325.7
2018-04-26,1321.9
2018-04-27,1317.7
2018-04-28,1317.7
2018-04-29,1317.7
2018-04-30,1316.25
2018-05-01,1309.2
2018-05-02,1310.75
2018-05-03,1313.3
2018-05-04,1309.35
2018-05-05,1309.35
2018-05-06,1309.35
2018-05-07,1309.35
2018-05-08,1310.05
2018-05-09,1306.85
2018-05-10,1314.8
2018-05-11,1324.8
2018-05-12,1324.8
2018-05-13,1324.8
2018-05-14,1320.7
2018-05-15,1310.05
2018-05-16,1291.75
2018-05-17,1288.85
2018-05-18,1287.2
2018-05-19,1287.2
2018-05-20,1287.2
2018-05-21,1285.85
2018-05-22,1293.9
2018-05-23,1294.0
2018-05-24,1296.35
2018-05-25,1303.95
2018-05-26,1303.95
2018-05-27,1303.95
2018-05-28,1303.95
2018-05-29,1302.05
2018-05-30,1298.6
2018-05-31,1303.5
2018-06-01,1299.15
2018-06-02,1299.15
2018-06-03,1299.15
2018-06-04,1294.65
2018-06-05,1292.25
2018-06-06,1295.25
2018-06-07,1298.3
2018-06-08,1299.2
2018-06-09,1299.2
2018-06-10,1299.2
2018-06-11,1296.05
2018-06-12,1298.3
2018-06-13,1294.4
2018-06-14,1305.3
2018-06-15,1300.1
2018-06-16,1300.1
2018-06-17,1300.1
2018-06-18,1281.25
2018-06-19,1279.0
2018-06-20,1273.25
2018-06-21,1263.7
2018-06-22,1269.7
2018-06-23,1269.7
2018-06-24,1269.7
2018-06-25,1269.8
2018-06-26,1257.15
2018-06-27,1256.8
2018-06-28,1250.5
2018-06-29,1250.55
2018-06-30,1250.55
2018-07-01,1250.55
2018-07-02,1249.0
2018-07-03,1245.85
2018-07-04,1256.9
2018-07-05,1252.5
2018-07-06,1254.2
2018-07-07,1254.2
2018-07-08,1254.2
2018-07-09,1262.6
2018-07-10,1253.7
2018-07-11,1250.0
2018-07-12,1244.85
2018-07-13,1240.5
2018-07-14,1240.5
2018-07-15,1240.5
2018-07-16,1244.9
2018-07-17,1243.65
2018-07-18,1223.45
2018-07-19,1217.4
2018-07-20,1224.85
2018-07-21,1224.85
2018-07-22,1224.85
2018-07-23,1229.45
2018-07-24,1224.3
2018-07-25,1230.55
2018-07-26,1228.35
2018-07-27,1219.15
2018-07-28,1219.15
2018-07-29,1219.15
2018-07-30,1222.05
2018-07-31,1219.2
2018-08-01,1222.75
2018-08-02,1217.6
2018-08-03,1207.7
2018-08-04,1207.7
2018-08-05,1207.7
2018-08-06,1212.0
2018-08-07,1215.4
2018-08-08,1212.35
2018-08-09,1215.5
2018-08-10,1211.65
2018-08-11,1211.65
2018-08-12,1211.65
2018-08-13,1204.4
2018-08-14,1195.3
2018-08-15,1186.7
2018-08-16,1179.65
2018-08-17,1176.7
2018-08-18,1176.7
2018-08-19,1176.7
2018-08-20,1188.75
2018-08-21,1194.1
2018-08-22,1196.85
2018-08-23,1187.3
2018-08-24,1189.95
2018-08-25,1189.95
2018-08-26,1189.95
2018-08-27,1189.95
2018-08-28,1212.75
2018-08-29,1204.3
2018-08-30,1202.35
2018-08-31,1206.85
2018-09-01,1206.85
2018-09-02,1206.85
2018-09-03,1201.7
2018-09-04,1195.75
2018-09-05,1194.7
2018-09-06,1204.3
2018-09-07,1200.75
2018-09-08,1200.75
2018-09-09,1200.75
2018-09-10,1195.8
2018-09-11,1194.0
2018-09-12,1197.8
2018-09-13,1206.65
2018-09-14,1206.2
2018-09-15,1206.2
2018-09-16,1206.2
2018-09-17,1196.8
2018-09-18,1199.4
2018-09-19,1203.0
2018-09-20,1203.0
2018-09-21,1207.6
2018-09-22,1207.6
2018-09-23,1207.6
2018-09-24,1198.75
2018-09-25,1199.45
2018-09-26,1198.8
2018-09-27,1196.0
2018-09-28,1183.5
2018-09-29,1183.5
2018-09-30,1183.5
2018-10-01,1185.3
2018-10-02,1192.65
2018-10-03,1203.5
2018-10-04,1199.45
2018-10-05,1201.1
2018-10-06,1201.1
2018-10-07,1201.1
2018-10-08,1194.8
2018-10-09,1187.4
2018-10-10,1186.4
2018-10-11,1201.1
2018-10-12,1218.75
2018-10-13,1218.75
2018-10-14,1218.75
2018-10-15,1233.0
2018-10-16,1228.85
2018-10-17,1226.75
2018-10-18,1224.6
2018-10-19,1228.25
2018-10-20,1228.25
2018-10-21,1228.25
2018-10-22,1222.9
2018-10-23,1235.6
2018-10-24,1231.65
2018-10-25,1232.15
2018-10-26,1236.05
2018-10-27,1236.05
2018-10-28,1236.05
2018-10-29,1230.75
2018-10-30,1220.0
2018-10-31,1217.7
2018-11-01,1223.25
2018-11-02,1235.5
2018-11-03,1235.5
2018-11-04,1235.5
2018-11-05,1231.6
2018-11-06,1234.85
2018-11-07,1235.05
2018-11-08,1223.45
2018-11-09,1219.05
2018-11-10,1219.05
2018-11-11,1219.05
2018-11-12,1207.05
2018-11-13,1197.55
2018-11-14,1201.45
2018-11-15,1210.6
2018-11-16,1215.8
2018-11-17,1215.8
2018-11-18,1215.8
2018-11-19,1223.55
2018-11-20,1223.1
2018-11-21,1224.0
2018-11-22,1228.25
2018-11-23,1222.15
2018-11-24,1222.15
2018-11-25,1222.15
2018-11-26,1226.65
2018-11-27,1225.05
2018-11-28,1213.2
2018-11-29,1226.45
2018-11-30,1220.45
2018-12-01,1220.45
2018-12-02,1220.45
2018-12-03,1231.05
2018-12-04,1239.25
2018-12-05,1236.15
2018-12-06,1236.45
2018-12-07,1241.2
2018-12-08,1241.2
2018-12-09,1241.2
2018-12-10,1246.8
2018-12-11,1248.25
2018-12-12,1244.75
2018-12-13,1244.45
2018-12-14,1239.15
2018-12-15,1239.15
2018-12-16,1239.15
2018-12-17,1239.1
2018-12-18,1248.8
2018-12-19,1248.6
2018-12-20,1255.0
2018-12-21,1257.6
2018-12-22,1257.6
2018-12-23,1257.6
2018-12-24,1261.25
2018-12-25,1261.25
2018-12-26,1261.25
2018-12-27,1271.1
2018-12-28,1277.25
2018-12-29,1277.25
2018-12-30,1277.25
2018-12-31,1281.65
2019-01-01,1281.65
2019-01-02,1287.2
2019-01-03,1287.95
2019-01-04,1290.35
2019-01-05,1290.35
2019-01-06,1290.35
2019-01-07,1291.5
2019-01-08,1283.9
2019-01-09,1281.3
2019-01-10,1292.4
2019-01-11,1292.8
2019-01-12,1292.8
2019-01-13,1292.8
2019-01-14,1293.7
2019-01-15,1289.35
2019-01-16,1290.5
2019-01-17,1294.0
2019-01-18,1285.05
2019-01-19,1285.05
2019-01-20,1285.05
2019-01-21,1278.7
2019-01-22,1284.75
2019-01-23,1284.9
2019-01-24,1279.75
2019-01-25,1282.95
2019-01-26,1282.95
2019-01-27,1282.95
2019-01-28,1301.0
2019-01-29,1308.35
2019-01-30,1312.95
2019-01-31,1322.5
2019-02-01,1320.75
2019-02-02,1320.75
2019-02-03,1320.75
2019-02-04,1311.0
2019-02-05,1314.0
2019-02-06,1313.35
2019-02-07,1306.6
2019-02-08,1311.1
2019-02-09,1311.1
2019-02-10,1311.1
2019-02-11,1306.75
2019-02-12,1311.6
2019-02-13,1311.15
2019-02-14,1305.65
2019-02-15,1318.0
2019-02-16,1318.0
2019-02-17,1318.0
2019-02-18,1323.95
2019-02-19,1329.55
2019-02-20,1345.75
2019-02-21,1335.05
2019-02-22,1322.25
2019-02-23,1322.25
2019-02-24,1322.25
2019-02-25,1329.15
2019-02-26,1327.55
2019-02-27,1326.45
2019-02-28,1325.45
2019-03-01,1309.95
2019-03-02,1309.95
2019-03-03,1309.95
2019-03-04,1287.45
2019-03-05,1285.0
2019-03-06,1285.55
2019-03-07,1286.4
2019-03-08,1294.1
2019-03-09,1294.1
2019-03-10,1294.1
2019-03-11,1296.35
2019-03-12,1296.95
2019-03-13,1308.4
2019-03-14,1299.2
2019-03-15,1302.65
2019-03-16,1302.65
2019-03-17,1302.65
2019-03-18,1305.35
2019-03-19,1308.35
2019-03-20,1303.0
2019-03-21,1317.3
2019-03-22,1311.1
2019-03-23,1311.1
2019-03-24,1311.1
2019-03-25,1319.35
2019-03-26,1315.25
2019-03-27,1318.25
2019-03-28,1306.9
2019-03-29,1291.15
2019-03-30,1291.15
2019-03-31,1291.15
2019-04-01,1291.9
2019-04-02,1287.2
2019-04-03,1291.85
2019-04-04,1291.6
2019-04-05,1288.9
2019-04-06,1288.9
2019-04-07,1288.9
2019-04-08,1297.1
2019-04-09,1301.85
2019-04-10,1304.8
2019-04-11,1304.65
2019-04-12,1296.15
2019-04-13,1296.15
2019-04-14,1296.15
2019-04-15,1286.75
2019-04-16,1283.75
2019-04-17,1276.1
2019-04-18,1276.5
2019-04-19,1276.5
2019-04-20,1276.5
2019-04-21,1276.5
2019-04-22,1276.5
2019-04-23,1273.45
2019-04-24,1273.8
2019-04-25,1277.85
2019-04-26,1281.5
2019-04-27,1281.5
2019-04-28,1281.5
2019-04-29,1282.15
2019-04-30,1285.15
2019-05-01,1281.8
2019-05-02,1271.45
2019-05-03,1270.05
2019-05-04,1270.05
2019-05-05,1270.05
2019-05-06,1270.05
2019-05-07,1281.3
2019-05-08,1287.75
2019-05-09,1284.1
2019-05-10,1285.4
2019-05-11,1285.4
2019-05-12,1285.4
2019-05-13,1282.95
2019-05-14,1297.6
2019-05-15,1298.9
2019-05-16,1295.55
2019-05-17,1285.8
2019-05-18,1285.8
2019-05-19,1285.8
2019-05-20,1275.25
2019-05-21,1276.0
2019-05-22,1274.0
2019-05-23,1275.95
2019-05-24,1281.5
2019-05-25,1281.5
2019-05-26,1281.5
2019-05-27,1281.5
2019-05-28,1283.9
2019-05-29,1283.5
2019-05-30,1276.45
2019-05-31,1296.0
2019-06-01,1296.0
2019-06-02,1296.0
2019-06-03,1313.95
2019-06-04,1323.6
2019-06-05,1337.75
2019-06-06,1336.65
2019-06-07,1334.3
2019-06-08,1334.3
2019-06-09,1334.3
2019-06-10,1328.6
2019-06-11,1322.65
2019-06-12,1336.65
2019-06-13,1335.8
2019-06-14,1352.45
2019-06-15,1352.45
2019-06-16,1352.45
2019-06-17,1333.2
2019-06-18,1344.55
2019-06-19,1342.4
2019-06-20,1381.65
2019-06-21,1388.35
2019-06-22,1388.35
2019-06-23,1388.35
2019-06-24,1405.45
2019-06-25,1429.55
2019-06-26,1406.75
2019-06-27,1402.25
2019-06-28,1413.2
2019-06-29,1413.2
2019-06-30,1413.2
2019-07-01,1390.05
2019-07-02,1393.1
2019-07-03,1425.1
2019-07-04,1415.25
2019-07-05,1414.4
2019-07-06,1414.4
2019-07-07,1414.4
2019-07-08,1404.9
2019-07-09,1387.9
2019-07-10,1395.45
2019-07-11,1423.1
2019-07-12,1405.6
2019-07-13,1405.6
2019-07-14,1405.6
2019-07-15,1416.25
2019-07-16,1416.1
2019-07-17,1400.8
2019-07-18,1420.9
2019-07-19,1437.05
2019-07-20,1437.05
2019-07-21,1437.05
2019-07-22,1424.45
2019-07-23,1417.55
2019-07-24,1425.55
2019-07-25,1426.35
2019-07-26,1418.25
2019-07-27,1418.25
2019-07-28,1418.25
2019-07-29,1418.95
2019-07-30,1428.45
2019-07-31,1430.55
2019-08-01,1406.4
2019-08-02,1436.05
2019-08-03,1436.05
2019-08-04,1436.05
2019-08-05,1457.45
2019-08-06,1461.85
2019-08-07,1487.65
2019-08-08,1497.4
2019-08-09,1503.5
2019-08-10,1503.5
2019-08-11,1503.5
2019-08-12,1501.95
2019-08-13,1527.2
2019-08-14,1500.35
2019-08-15,1517.65
2019-08-16,1509.05
2019-08-17,1509.05
2019-08-18,1509.05
2019-08-19,1499.35
2019-08-20,1502.65
2019-08-21,1499.65
2019-08-22,1498.7
2019-08-23,1495.5
2019-08-24,1495.5
2019-08-25,1495.5
2019-08-26,1495.5
2019-08-27,1531.85
2019-08-28,1541.75
2019-08-29,1536.65
2019-08-30,1526.55
2019-08-31,1526.55
2019-09-01,1526.55
2019-09-02,1523.35
2019-09-03,1532.45
2019-09-04,1538.8
2019-09-05,1542.6
2019-09-06,1504.95
2019-09-07,1504.95
2019-09-08,1504.95
2019-09-09,1509.95
2019-09-10,1494.6
2019-09-11,1493.65
2019-09-12,1502.95
2019-09-13,1506.3
2019-09-14,1506.3
2019-09-15,1506.3
2019-09-16,1502.05
2019-09-17,1499.3
2019-09-18,1502.2
2019-09-19,1498.4
2019-09-20,1504.1
2019-09-21,1504.1
2019-09-22,1504.1
2019-09-23,1519.5
2019-09-24,1520.25
2019-09-25,1530.85
2019-09-26,1507.05
2019-09-27,1496.15
2019-09-28,1496.15
2019-09-29,1496.15
2019-09-30,1487.6
2019-10-01,1466.1
2019-10-02,1484.05
2019-10-03,1504.0
2019-10-04,1509.5
2019-10-05,1509.5
2019-10-06,1509.5
2019-10-07,1502.15
2019-10-08,1500.0
2019-10-09,1503.4
2019-10-10,1508.2
2019-10-11,1498.35
2019-10-12,1498.35
2019-10-13,1498.35
2019-10-14,1494.2
2019-10-15,1494.75
2019-10-16,1482.55
2019-10-17,1484.45
2019-10-18,1484.45
2019-10-19,1484.45
2019-10-20,1484.45
2019-10-21,1490.85
2019-10-22,1487.45
2019-10-23,1494.25
2019-10-24,1488.85
2019-10-25,1504.65
2019-10-26,1504.65
2019-10-27,1504.65
2019-10-28,1505.05
2019-10-29,1492.75
2019-10-30,1490.15
2019-10-31,1506.4
2019-11-01,1509.85
2019-11-02,1509.85
2019-11-03,1509.85
2019-11-04,1509.2
2019-11-05,1504.6
2019-11-06,1488.55
2019-11-07,1484.1
2019-11-08,1466.85
2019-11-09,1466.85
2019-11-10,1466.85
2019-11-11,1465.5
2019-11-12,1455.0
2019-11-13,1463.45
2019-11-14,1467.65
2019-11-15,1465.6
2019-11-16,1465.6
2019-11-17,1465.6
2019-11-18,1458.4
2019-11-19,1464.9
2019-11-20,1475.7
2019-11-21,1468.9
2019-11-22,1471.3
2019-11-23,1471.3
2019-11-24,1471.3
2019-11-25,1459.45
2019-11-26,1457.65
2019-11-27,1459.8
2019-11-28,1457.55
2019-11-29,1456.35
2019-11-30,1456.35
2019-12-01,1456.35
2019-12-02,1457.5
2019-12-03,1470.4
2019-12-04,1475.85
2019-12-05,1474.6
2019-12-06,1474.85
2019-12-07,1474.85
2019-12-08,1474.85
2019-12-09,1463.6
2019-12-10,1464.45
2019-12-11,1468.05
2019-12-12,1474.7
2019-12-13,1470.6
2019-12-14,1470.6
2019-12-15,1470.6
2019-12-16,1477.4
2019-12-17,1478.4
2019-12-18,1478.9
2019-12-19,1474.4
2019-12-20,1476.9
2019-12-21,1476.9
2019-12-22,1476.9
2019-12-23,1483.95
2019-12-24,1490.85
2019-12-25,1490.85
2019-12-26,1490.85
2019-12-27,1510.6
2019-12-28,1510.6
2019-12-29,1510.6
2019-12-30,1511.5
2019-12-31,1523.0
2020-01-01,1523.0
2020-01-02,1520.55
2020-01-03,1547.4
2020-01-04,1547.4
2020-01-05,1547.4
2020-01-06,1576.85
2020-01-07,1566.5
2020-01-08,1582.85
2020-01-09,1547.85
2020-01-10,1548.8
2020-01-11,1548.8
2020-01-12,1548.8
2020-01-13,1550.35
2020-01-14,1544.95
2020-01-15,1551.9
2020-01-16,1555.2
2020-01-17,1556.5
2020-01-18,1556.5
2020-01-19,1556.5
2020-01-20,1559.25
2020-01-21,1556.25
2020-01-22,1558.1
2020-01-23,1554.05
2020-01-24,1561.85
2020-01-25,1561.85
2020-01-26,1561.85
2020-01-27,1583.45
2020-01-28,1579.6
2020-01-29,1571.2
2020-01-30,1580.4
2020-01-31,1580.85
2020-02-01,1580.85
2020-02-02,1580.85
2020-02-03,1578.85
2020-02-04,1571.2
2020-02-05,1552.2
2020-02-06,1564.75
2020-02-07,1564.75
2020-02-08,1564.75
2020-02-09,1564.75
2020-02-10,1574.05
2020-02-11,1567.7
2020-02-12,1566.75
2020-02-13,1575.0
2020-02-14,1576.35
2020-02-15,1576.35
2020-02-16,1576.35
2020-02-17,1580.3
2020-02-18,1588.2
2020-02-19,1609.5
2020-02-20,1610.35
2020-02-21,1633.7
2020-02-22,1633.7
2020-02-23,1633.7
2020-02-24,1682.35
2020-02-25,1655.9
2020-02-26,1647.95
2020-02-27,1646.6
2020-02-28,1626.35
2020-02-29,1626.35
2020-03-01,1626.35
2020-03-02,1609.7
2020-03-03,1599.05
2020-03-04,1644.8
2020-03-05,1647.45
2020-03-06,1687.0
2020-03-07,1687.0
2020-03-08,1687.0
2020-03-09,1676.6
2020-03-10,1657.4
2020-03-11,1662.5
2020-03-12,1636.65
2020-03-13,1588.15
2020-03-14,1588.15
2020-03-15,1588.15
2020-03-16,1504.65
2020-03-17,1472.35
2020-03-18,1506.0
2020-03-19,1480.7
2020-03-20,1504.45
2020-03-21,1504.45
2020-03-22,1504.45
2020-03-23,1494.5
2020-03-24,1599.5
2020-03-25,1620.95
2020-03-26,1620.1
2020-03-27,1621.2
2020-03-28,1621.2
2020-03-29,1621.2
2020-03-30,1624.45
2020-03-31,1604.65
2020-04-01,1594.25
2020-04-02,1588.05
2020-04-03,1609.75
2020-04-04,1609.75
2020-04-05,1609.75
2020-04-06,1636.6
2020-04-07,1652.2
2020-04-08,1649.05
2020-04-09,1662.5
2020-04-10,1662.5
2020-04-11,1662.5
2020-04-12,1662.5
2020-04-13,1662.5
2020-04-14,1715.85
2020-04-15,1712.25
2020-04-16,1717.85
2020-04-17,1693.15
2020-04-18,1693.15
2020-04-19,1693.15
2020-04-20,1684.95
2020-04-21,1678.6
2020-04-22,1702.65
2020-04-23,1727.55
2020-04-24,1727.25
2020-04-25,1727.25
2020-04-26,1727.25
2020-04-27,1717.25
2020-04-28,1708.1
2020-04-29,1706.0
2020-04-30,1716.75
2020-05-01,1673.05
2020-05-02,1673.05
2020-05-03,1673.05
2020-05-04,1703.7
2020-05-05,1696.3
2020-05-06,1698.9
2020-05-07,1688.65
2020-05-08,1688.65
2020-05-09,1688.65
2020-05-10,1688.65
2020-05-11,1698.8
2020-05-12,1703.45
2020-05-13,1699.85
2020-05-14,1716.4
2020-05-15,1734.85
2020-05-16,1734.85
2020-05-17,1734.85
2020-05-18,1756.9
2020-05-19,1735.25
2020-05-20,1750.05
2020-05-21,1732.8
2020-05-22,1732.45
2020-05-23,1732.45
2020-05-24,1732.45
2020-05-25,1732.45
2020-05-26,1722.75
2020-05-27,1705.15
2020-05-28,1723.3
2020-05-29,1725.65
2020-05-30,1725.65
2020-05-31,1725.65
2020-06-01,1734.8
2020-06-02,1740.25
2020-06-03,1717.6
2020-06-04,1706.45
2020-06-05,1709.55
2020-06-06,1709.55
2020-06-07,1709.55
2020-06-08,1692.0
2020-06-09,1707.5
2020-06-10,1717.65
2020-06-11,1731.9
2020-06-12,1735.85
2020-06-13,1735.85
2020-06-14,1735.85
2020-06-15,1710.4
2020-06-16,1728.35
2020-06-17,1717.3
2020-06-18,1732.65
2020-06-19,1728.55
2020-06-20,1728.55
2020-06-21,1728.55
2020-06-22,1745.45
2020-06-23,1756.6
2020-06-24,1775.7
2020-06-25,1758.55
2020-06-26,1762.1
2020-06-27,1762.1
2020-06-28,1762.1
2020-06-29,1768.8
2020-06-30,1770.7
2020-07-01,1787.4
2020-07-02,1771.85
2020-07-03,1774.65
2020-07-04,1774.65
2020-07-05,1774.65
2020-07-06,1774.4
2020-07-07,1775.5
2020-07-08,1799.35
2020-07-09,1812.45
2020-07-10,1805.75
2020-07-11,1805.75
2020-07-12,1805.75
2020-07-13,1814.1
2020-07-14,1813.4
2020-07-15,1813.8
2020-07-16,1800.3
2020-07-17,1810.0
2020-07-18,1810.0
2020-07-19,1810.0
2020-07-20,1817.4
2020-07-21,1843.9
2020-07-22,1865.1
2020-07-23,1890.0
2020-07-24,1897.5
2020-07-25,1897.5
2020-07-26,1897.5
2020-07-27,1931.0
2020-07-28,1946.24
2020-07-29,1958.16
2020-07-30,1950.04
2020-07-31,1971.68
2020-08-01,1971.68
2020-08-02,1971.68
2020-08-03,1974.7
2020-08-04,2008.5
2020-08-05,2037.1
2020-08-06,2058.4
2020-08-07,2018.0
2020-08-08,2018.0
2020-08-09,2018.0
2020-08-10,2030.3
2020-08-11,1938.9
2020-08-12,1940.5
2020-08-13,1961.9
2020-08-14,1942.3
2020-08-15,1942.3
2020-08-16,1942.3
2020-08-17,1989.9
2020-08-18,2004.8
2020-08-19,1963.5
2020-08-20,1938.3
2020-08-21,1938.3
2020-08-22,1938.3
2020-08-23,1938.3
2020-08-24,1931.5
2020-08-25,1915.6
2020-08-26,1944.1
2020-08-27,1925.0
2020-08-28,1966.8
2020-08-29,1966.8
2020-08-30,1966.8
2020-08-31,1970.5
2020-09-01,1970.8
2020-09-02,1936.9
2020-09-03,1930.2
2020-09-04,1926.2
2020-09-05,1926.2
2020-09-06,1926.2
2020-09-07,1928.4
2020-09-08,1935.1
2020-09-09,1946.8
2020-09-10,1956.0
2020-09-11,1939.5
2020-09-12,1939.5
2020-09-13,1939.5
2020-09-14,1954.7
2020-09-15,1958.0
2020-09-16,1962.0
2020-09-17,1941.3
2020-09-18,1953.2
2020-09-19,1953.2
2020-09-20,1953.2
2020-09-21,1902.1
2020-09-22,1899.3
2020-09-23,1860.5
2020-09-24,1868.9
2020-09-25,1859.5
2020-09-26,1859.5
2020-09-27,1859.5
2020-09-28,1876.6
2020-09-29,1899.64
2020-09-30,1893.9
2020-10-01,1916.3
2020-10-02,1907.6
2020-10-03,1907.6
2020-10-04,1907.6
2020-10-05,1920.1
2020-10-06,1908.8
2020-10-07,1890.8
2020-10-08,1895.1
2020-10-09,1926.2
2020-10-10,1926.2
2020-10-11,1926.2
2020-10-12,1928.9
2020-10-13,1894.6
2020-10-14,1907.3
2020-10-15,1908.9
2020-10-16,1906.4
2020-10-17,1906.4
2020-10-18,1906.4
2020-10-19,1911.7
2020-10-20,1915.4
2020-10-21,1929.5
2020-10-22,1904.6
2020-10-23,1905.2
2020-10-24,1905.2
2020-10-25,1905.2
2020-10-26,1905.7
2020-10-27,1911.9
2020-10-28,1879.2
2020-10-29,1868.0
2020-10-30,1879.9
2020-10-31,1879.9
2020-11-01,1879.9
2020-11-02,1892.5
2020-11-03,1910.4
2020-11-04,1896.2
2020-11-05,1946.8
2020-11-06,1951.7
2020-11-07,1951.7
2020-11-08,1951.7
2020-11-09,1854.4
2020-11-10,1876.4
2020-11-11,1861.6
2020-11-12,1873.3
2020-11-13,1886.2
2020-11-14,1886.2
2020-11-15,1886.2
2020-11-16,1887.8
2020-11-17,1885.1
2020-11-18,1873.9
2020-11-19,1861.5
2020-11-20,1872.4
2020-11-21,1872.4
2020-11-22,1872.4
2020-11-23,1837.8
2020-11-24,1805.86
2020-11-25,1807.78
2020-11-26,1807.78
2020-11-27,1785.62
2020-11-28,1785.62
2020-11-29,1785.62
2020-11-30,1779.86
2020-12-01,1818.9
2020-12-02,1830.2
2020-12-03,1841.1
2020-12-04,1840.0
2020-12-05,1840.0
2020-12-06,1840.0
2020-12-07,1866.0
2020-12-08,1874.9
2020-12-09,1838.5
2020-12-10,1837.4
2020-12-11,1843.6
2020-12-12,1843.6
2020-12-13,1843.6
2020-12-14,1832.1
2020-12-15,1855.3
2020-12-16,1859.1
2020-12-17,1890.4
2020-12-18,1888.9
2020-12-19,1888.9
2020-12-20,1888.9
2020-12-21,1882.8
2020-12-22,1870.3
2020-12-23,1878.1
2020-12-24,1883.2
2020-12-25,1883.2
2020-12-26,1883.2
2020-12-27,1883.2
2020-12-28,1880.4
2020-12-29,1882.9
2020-12-30,1893.4
2020-12-31,1895.1
2021-01-01,1895.1
2021-01-02,1895.1
2021-01-03,1895.1
2021-01-04,1946.6
2021-01-05,1954.4
2021-01-06,1908.6
2021-01-07,1913.6
2021-01-08,1835.4
2021-01-09,1835.4
2021-01-10,1835.4
2021-01-11,1850.8
2021-01-12,1844.2
2021-01-13,1854.9
2021-01-14,1851.4
2021-01-15,1829.9
2021-01-16,1829.9
2021-01-17,1829.9
2021-01-18,1829.9
2021-01-19,1840.2
2021-01-20,1866.5
2021-01-21,1865.9
2021-01-22,1856.2
2021-01-23,1856.2
2021-01-24,1856.2
2021-01-25,1855.2
2021-01-26,1851.68
2021-01-27,1846.5
2021-01-28,1839.88
2021-01-29,1849.7
2021-01-30,1849.7
2021-01-31,1849.7
2021-02-01,1863.9
2021-02-02,1833.4
2021-02-03,1835.1
2021-02-04,1791.2
2021-02-05,1813.0
2021-02-06,1813.0
2021-02-07,1813.0
2021-02-08,1834.2
2021-02-09,1837.5
2021-02-10,1842.7
2021-02-11,1826.8
2021-02-12,1823.2
2021-02-13,1823.2
2021-02-14,1823.2
2021-02-15,1823.2
2021-02-16,1799.0
2021-02-17,1772.8
2021-02-18,1775.0
2021-02-19,1777.4
2021-02-20,1777.4
2021-02-21,1777.4
2021-02-22,1808.4
2021-02-23,1805.9
2021-02-24,1797.9
2021-02-25,1775.4
2021-02-26,1728.8
2021-02-27,1728.8
2021-02-28,1728.8
2021-03-01,1723.0
2021-03-02,1733.6
2021-03-03,1715.8
2021-03-04,1700.7
2021-03-05,1698.5
2021-03-06,1698.5
2021-03-07,1698.5
2021-03-08,1678.0
2021-03-09,1716.9
2021-03-10,1721.8
2021-03-11,1722.6
2021-03-12,1719.8
2021-03-13,1719.8
2021-03-14,1719.8
2021-03-15,1729.2
2021-03-16,1730.9
2021-03-17,1727.1
2021-03-18,1732.5
2021-03-19,1741.7
2021-03-20,1741.7
2021-03-21,1741.7
2021-03-22,1738.1
2021-03-23,1725.1
2021-03-24,1733.2
2021-03-25,1725.1
2021-03-26,1732.78
2021-03-27,1732.78
2021-03-28,1732.78
2021-03-29,1713.16
2021-03-30,1685.16
2021-03-31,1715.24
2021-04-01,1728.4
2021-04-02,1728.4
2021-04-03,1728.4
2021-04-04,1728.4
2021-04-05,1728.8
2021-04-06,1743.0
2021-04-07,1741.6
2021-04-08,1758.2
2021-04-09,1744.8
2021-04-10,1744.8
2021-04-11,1744.8
2021-04-12,1732.7
2021-04-13,1747.6
2021-04-14,1736.3
2021-04-15,1766.8
2021-04-16,1780.2
2021-04-17,1780.2
2021-04-18,1780.2
2021-04-19,1770.6
2021-04-20,1778.4
2021-04-21,1793.1
2021-04-22,1782.0
2021-04-23,1777.8
2021-04-24,1777.8
2021-04-25,1777.8
2021-04-26,1780.1
2021-04-27,1778.8
2021-04-28,1773.9
2021-04-29,1768.3
2021-04-30,1767.7
2021-05-01,1767.7
2021-05-02,1767.7
2021-05-03,1791.8
2021-05-04,1776.0
2021-05-05,1784.3
2021-05-06,1815.7
2021-05-07,1831.3
2021-05-08,1831.3
2021-05-09,1831.3
2021-05-10,1837.6
2021-05-11,1836.1
2021-05-12,1822.8
2021-05-13,1824.0
2021-05-14,1838.1
2021-05-15,1838.1
2021-05-16,1838.1
2021-05-17,1867.6
2021-05-18,1868.0
2021-05-19,1881.5
2021-05-20,1881.9
2021-05-21,1876.7
2021-05-22,1876.7
2021-05-23,1876.7
2021-05-24,1884.5
2021-05-25,1898.5
2021-05-26,1902.24
2021-05-27,1897.38
2021-05-28,1904.74
2021-05-29,1904.74
2021-05-30,1904.74
2021-05-31,1904.74
2021-06-01,1905.0
2021-06-02,1909.9
2021-06-03,1873.3
2021-06-04,1892.0
2021-06-05,1892.0
2021-06-06,1892.0
2021-06-07,1898.8
2021-06-08,1894.4
2021-06-09,1895.5
2021-06-10,1896.4
2021-06-11,1879.6
2021-06-12,1879.6
2021-06-13,1879.6
2021-06-14,1865.9
2021-06-15,1856.4
2021-06-16,1861.4
2021-06-17,1774.8
2021-06-18,1769.0
2021-06-19,1769.0
2021-06-20,1769.0
2021-06-21,1782.9
2021-06-22,1777.4
2021-06-23,1783.4
2021-06-24,1776.7
2021-06-25,1777.8
2021-06-26,1777.8
2021-06-27,1777.8
2021-06-28,1780.7
2021-06-29,1763.6
2021-06-30,1771.6
2021-07-01,1776.8
2021-07-02,1783.3
2021-07-03,1783.3
2021-07-04,1783.3
2021-07-05,1783.3
2021-07-06,1794.2
2021-07-07,1802.1
2021-07-08,1800.2
2021-07-09,1810.6
2021-07-10,1810.6
2021-07-11,1810.6
2021-07-12,1805.9
2021-07-13,1809.9
2021-07-14,1825.0
2021-07-15,1829.0
2021-07-16,1815.0
2021-07-17,1815.0
2021-07-18,1815.0
2021-07-19,1809.2
2021-07-20,1811.4
2021-07-21,1803.4
2021-07-22,1805.4
2021-07-23,1801.8
2021-07-24,1801.8
2021-07-25,1801.8
2021-07-26,1799.2
2021-07-27,1800.18
2021-07-28,1800.54
2021-07-29,1832.4
2021-07-30,1814.12
2021-07-31,1814.12
2021-08-01,1814.12
2021-08-02,1819.8
2021-08-03,1811.7
2021-08-04,1812.2
2021-08-05,1806.6
2021-08-06,1761.1
2021-08-07,1761.1
2021-08-08,1761.1
2021-08-09,1724.4
2021-08-10,1729.7
2021-08-11,1751.2
2021-08-12,1749.8
2021-08-13,1776.0
2021-08-14,1776.0
2021-08-15,1776.0
2021-08-16,1787.6
2021-08-17,1785.7
2021-08-18,1782.3
2021-08-19,1780.9
2021-08-20,1781.8
2021-08-21,1781.8
2021-08-22,1781.8
2021-08-23,1804.0
2021-08-24,1806.3
2021-08-25,1788.8
2021-08-26,1793.0
2021-08-27,1817.2
2021-08-28,1817.2
2021-08-29,1817.2
2021-08-30,1809.8
2021-08-31,1815.8
2021-09-01,1813.8
2021-09-02,1809.4
2021-09-03,1831.5
2021-09-04,1831.5
2021-09-05,1831.5
2021-09-06,1831.5
2021-09-07,1796.3
2021-09-08,1791.2
2021-09-09,1797.8
2021-09-10,1789.9
2021-09-11,1789.9
2021-09-12,1789.9
2021-09-13,1792.3
2021-09-14,1805.0
2021-09-15,1792.6
2021-09-16,1754.6
2021-09-17,1749.4
2021-09-18,1749.4
2021-09-19,1749.4
2021-09-20,1761.8
2021-09-21,1776.1
2021-09-22,1776.7
2021-09-23,1747.7
2021-09-24,1749.7
2021-09-25,1749.7
2021-09-26,1749.7
2021-09-27,1750.4
2021-09-28,1736.54
2021-09-29,1722.34
2021-09-30,1756.66
2021-10-01,1758.4
2021-10-02,1758.4
2021-10-03,1758.4
2021-10-04,1767.6
2021-10-05,1760.9
2021-10-06,1761.8
2021-10-07,1759.2
2021-10-08,1757.4
2021-10-09,1757.4
2021-10-10,1757.4
2021-10-11,1755.7
2021-10-12,1759.3
2021-10-13,1794.7
2021-10-14,1797.9
2021-10-15,1768.3
2021-10-16,1768.3
2021-10-17,1768.3
2021-10-18,1765.7
2021-10-19,1770.5
2021-10-20,1784.9
2021-10-21,1781.9
2021-10-22,1796.3
2021-10-23,1796.3
2021-10-24,1796.3
2021-10-25,1806.8
2021-10-26,1793.4
2021-10-27,1798.8
2021-10-28,1802.6
2021-10-29,1783.9
2021-10-30,1783.9
2021-10-31,1783.9
2021-11-01,1795.8
2021-11-02,1789.4
2021-11-03,1763.9
2021-11-04,1793.5
2021-11-05,1816.8
2021-11-06,1816.8
2021-11-07,1816.8
2021-11-08,1828.0
2021-11-09,1830.8
2021-11-10,1848.3
2021-11-11,1863.9
2021-11-12,1868.5
2021-11-13,1868.5
2021-11-14,1868.5
2021-11-15,1866.6
2021-11-16,1854.1
2021-11-17,1870.2
2021-11-18,1861.4
2021-11-19,1851.6
2021-11-20,1851.6
2021-11-21,1851.6
2021-11-22,1806.3
2021-11-23,1783.8
2021-11-24,1784.82
2021-11-25,1784.82
2021-11-26,1786.54
2021-11-27,1786.54
2021-11-28,1786.54
2021-11-29,1784.04
2021-11-30,1775.92
2021-12-01,1784.3
2021-12-02,1762.7
2021-12-03,1783.9
2021-12-04,1783.9
2021-12-05,1783.9
2021-12-06,1779.5
2021-12-07,1784.7
2021-12-08,1785.5
2021-12-09,1776.7
2021-12-10,1784.8
2021-12-11,1784.8
2021-12-12,1784.8
2021-12-13,1788.3
2021-12-14,1772.3
2021-12-15,1764.5
2021-12-16,1798.2
2021-12-17,1804.9
2021-12-18,1804.9
2021-12-19,1804.9
2021-12-20,1794.6
2021-12-21,1788.7
2021-12-22,1802.2
2021-12-23,1811.7
2021-12-24,1811.7
2021-12-25,1811.7
2021-12-26,1811.7
2021-12-27,1808.8
2021-12-28,1810.9
2021-12-29,1805.8
2021-12-30,1814.1
2021-12-31,1828.6
2022-01-01,1828.6
2022-01-02,1828.6
2022-01-03,1800.1
2022-01-04,1814.6
2022-01-05,1825.1
2022-01-06,1789.2
2022-01-07,1797.4
2022-01-08,1797.4
2022-01-09,1797.4
2022-01-10,1798.8
2022-01-11,1818.5
2022-01-12,1827.3
2022-01-13,1821.4
2022-01-14,1816.5
2022-01-15,1816.5
2022-01-16,1816.5
2022-01-17,1816.5
2022-01-18,1812.4
2022-01-19,1843.2
2022-01-20,1842.6
2022-01-21,1831.8
2022-01-22,1831.8
2022-01-23,1831.8
2022-01-24,1841.7
2022-01-25,1852.5
2022-01-26,1830.16
2022-01-27,1793.86
2022-01-28,1785.92
2022-01-29,1785.92
2022-01-30,1785.92
2022-01-31,1796.12
2022-02-01,1801.5
2022-02-02,1810.3
2022-02-03,1804.1
2022-02-04,1807.8
2022-02-05,1807.8
2022-02-06,1807.8
2022-02-07,1821.8
2022-02-08,1827.9
2022-02-09,1836.6
2022-02-10,1837.4
2022-02-11,1842.1
2022-02-12,1842.1
2022-02-13,1842.1
2022-02-14,1869.4
2022-02-15,1856.2
2022-02-16,1871.5
2022-02-17,1902.0
2022-02-18,1899.8
2022-02-19,1899.8
2022-02-20,1899.8
2022-02-21,1899.8
2022-02-22,1907.4
2022-02-23,1910.4
2022-02-24,1926.3
2022-02-25,1887.6
2022-02-26,1887.6
2022-02-27,1887.6
2022-02-28,1900.7
2022-03-01,1943.8
2022-03-02,1922.3
2022-03-03,1935.9
2022-03-04,1966.6
2022-03-05,1966.6
2022-03-06,1966.6
2022-03-07,1995.9
2022-03-08,2043.3
2022-03-09,1988.2
2022-03-10,2000.4
2022-03-11,1985.0
2022-03-12,1985.0
2022-03-13,1985.0
2022-03-14,1960.8
2022-03-15,1929.7
2022-03-16,1909.2
2022-03-17,1943.2
2022-03-18,1929.3
2022-03-19,1929.3
2022-03-20,1929.3
2022-03-21,1929.5
2022-03-22,1921.5
2022-03-23,1937.3
2022-03-24,1962.2
2022-03-25,1954.2
2022-03-26,1954.2
2022-03-27,1954.2
2022-03-28,1940.78
2022-03-29,1914.52
2022-03-30,1936.8
2022-03-31,1953.04
2022-04-01,1923.7
2022-04-02,1923.7
2022-04-03,1923.7
2022-04-04,1934.0
2022-04-05,1927.5
2022-04-06,1923.1
2022-04-07,1937.8
2022-04-08,1945.6
2022-04-09,1945.6
2022-04-10,1945.6
2022-04-11,1948.2
2022-04-12,1976.1
2022-04-13,1984.7
2022-04-14,1974.9
2022-04-15,1974.9
2022-04-16,1974.9
2022-04-17,1974.9
2022-04-18,1986.4
2022-04-19,1959.0
2022-04-20,1955.6
2022-04-21,1948.2
2022-04-22,1934.3
2022-04-23,1934.3
2022-04-24,1934.3
2022-04-25,1896.0
2022-04-26,1904.1
2022-04-27,1888.7
2022-04-28,1891.3
2022-04-29,1911.7
2022-04-30,1911.7
2022-05-01,1911.7
2022-05-02,1863.6
2022-05-03,1870.6
2022-05-04,1868.8
2022-05-05,1875.7
2022-05-06,1882.8
2022-05-07,1882.8
2022-05-08,1882.8
2022-05-09,1858.6
2022-05-10,1841.0
2022-05-11,1853.7
2022-05-12,1824.6
2022-05-13,1808.2
2022-05-14,1808.2
2022-05-15,1808.2
2022-05-16,1814.0
2022-05-17,1818.9
2022-05-18,1815.9
2022-05-19,1841.2
2022-05-20,1842.1
2022-05-21,1842.1
2022-05-22,1842.1
2022-05-23,1847.8
2022-05-24,1865.4
2022-05-25,1847.54
2022-05-26,1850.12
2022-05-27,1854.9
2022-05-28,1854.9
2022-05-29,1854.9
2022-05-30,1854.9
2022-05-31,1847.26
2022-06-01,1848.7
2022-06-02,1871.4
2022-06-03,1850.2
2022-06-04,1850.2
2022-06-05,1850.2
2022-06-06,1843.7
2022-06-07,1852.1
2022-06-08,1856.5
2022-06-09,1852.8
2022-06-10,1875.5
2022-06-11,1875.5
2022-06-12,1875.5
2022-06-13,1831.8
2022-06-14,1813.5
2022-06-15,1819.6
2022-06-16,1849.9
2022-06-17,1840.6
2022-06-18,1840.6
2022-06-19,1840.6
2022-06-20,1840.6
2022-06-21,1838.8
2022-06-22,1838.4
2022-06-23,1829.8
2022-06-24,1830.3
2022-06-25,1830.3
2022-06-26,1830.3
2022-06-27,1829.3382
2022-06-28,1824.4344
2022-06-29,1818.2373
2022-06-30,1817.4548
2022-07-01,1806.0776
2022-07-02,1811.12
2022-07-03,1811.12
2022-07-04,1807.3423
2022-07-05,1808.6291
2022-07-06,1767.9548
2022-07-07,1737.6013
2022-07-08,1740.4954
2022-07-09,1742.34
2022-07-10,1742.34
2022-07-11,1742.15
2022-07-12,1733.64
2022-07-13,1725.6
2022-07-14,1731.76
2022-07-15,1711.8
2022-07-16,1707.7
2022-07-17,1707.7
2022-07-18,1710.11
2022-07-19,1710.12
2022-07-20,1695.2131
2022-07-21,1718.4886
2022-07-22,1727.3163
2022-07-23,1727.3163
2022-07-24,1727.3163
2022-07-25,1719.245
2022-07-26,1718.1906
2022-07-27,1738.9701
2022-07-28,1754.669
2022-07-29,1766.4309
2022-07-30,1766.4309
2022-07-31,1766.4309
2022-08-01,1772.0067
2022-08-02,1756.4075
2022-08-03,1763.6446
2022-08-04,1792.8209
2022-08-05,1775.7796
2022-08-06,1775.7796
2022-08-07,1775.7796
2022-08-08,1789.0615
2022-08-09,1794.0933
2022-08-10,1791.7249
2022-08-11,1789.1296
2022-08-12,1802.7804
2022-08-13,1802.7804
2022-08-14,1802.7804
2022-08-15,1778.6433
2022-08-16,1776.1056
2022-08-17,1764.8633
2022-08-18,1758.455
2022-08-19,1747.435
2022-08-20,1747.435
2022-08-21,1747.435
2022-08-22,1735.1633
2022-08-23,1748.1523
2022-08-24,1751.2754
2022-08-25,1756.5567
2022-08-26,1739.1203
2022-08-27,1739.1203
2022-08-28,1739.1203
2022-08-29,1739.3102
2022-08-30,1723.1833
2022-08-31,1708.58
2022-09-01,1697.5306
2022-09-02,1712.5178
2022-09-03,1712.5178
2022-09-04,1712.5178
2022-09-05,1714.21
2022-09-06,1703.4835
2022-09-07,1716.4367
2022-09-08,1711.085
2022-09-09,1717.075
2022-09-10,1717.075
2022-09-11,1717.075
2022-09-12,1725.4175
2022-09-13,1702.2933
2022-09-14,1697.6191
2022-09-15,1662.5775
2022-09-16,1675.2805
2022-09-17,1675.2805
2022-09-18,1675.2805
2022-09-19,1675.4505
2022-09-20,1666.3787
2022-09-21,1666.8727
2022-09-22,1672.4703
2022-09-23,1644.4717
2022-09-24,1644.4717
2022-09-25,1644.4717
2022-09-26,1628.0698
2022-09-27,1628.9589
2022-09-28,1656.6025
2022-09-29,1664.2594
2022-09-30,1660.8799
2022-10-01,1660.8799
2022-10-02,1660.8799
2022-10-03,1701.0961
2022-10-04,1725.3733
2022-10-05,1718.2606
2022-10-06,1711.9558
2022-10-07,1695.0231
2022-10-08,1695.0231
2022-10-09,1695.0231
2022-10-10,1669.7836
2022-10-11,1664.1168
2022-10-12,1674.8588
2022-10-13,1663.9278
2022-10-14,1644.6412
2022-10-15,1644.6412
2022-10-16,1644.6412
2022-10-17,1650.1075
2022-10-18,1652.487
2022-10-19,1627.525
2022-10-20,1626.65
2022-10-21,1657.6825
2022-10-22,1657.6825
2022-10-23,1657.6825
2022-10-24,1652.015
2022-10-25,1652.5885
2022-10-26,1666.8893
2022-10-27,1662.1567
2022-10-28,1644.6679
2022-10-29,1644.6679
2022-10-30,1644.6679
2022-10-31,1632.38
2022-11-01,1646.655
2022-11-02,1633.8692
2022-11-03,1629.7067
2022-11-04,1681.325
2022-11-05,1681.325
2022-11-06,1681.325
2022-11-07,1675.2708
2022-11-08,1712.4447
2022-11-09,1706.7049
2022-11-10,1755.5
2022-11-11,1771.36
2022-11-12,1771.36
2022-11-13,1771.36
2022-11-14,1771.3933
2022-11-15,1779.1838
2022-11-16,1773.3999
2022-11-17,1760.4007
2022-11-18,1751.0784
2022-11-19,1751.0784
2022-11-20,1751.0784
2022-11-21,1737.9575
2022-11-22,1740.09
2022-11-23,1749.59
2022-11-24,1755.49
2022-11-25,1754.5487
2022-11-26,1754.5487
2022-11-27,1754.5487
2022-11-28,1741.275
2022-11-29,1749.815
2022-11-30,1768.61
2022-12-01,1803.055
2022-12-02,1797.915
2022-12-03,1797.915
2022-12-04,1797.915
2022-12-05,1768.915
2022-12-06,1770.6663
2022-12-07,1786.0849
2022-12-08,1789.1498
2022-12-09,1797.368
2022-12-10,1797.368
2022-12-11,1797.368
2022-12-12,1781.5723
2022-12-13,1810.9829
2022-12-14,1807.4906
2022-12-15,1776.9686
2022-12-16,1792.7961
2022-12-17,1792.7961
2022-12-18,1792.7961
2022-12-19,1787.5957
2022-12-20,1818.0246
2022-12-21,1814.5101
2022-12-22,1792.2667
2022-12-23,1798.4193
2022-12-24,1798.4193
2022-12-25,1798.4193
2022-12-26,1798.4353
2022-12-27,1813.7025
2022-12-28,1804.336
2022-12-29,1815.0549
2022-12-30,1824.3233
2022-12-31,1824.3233
2023-01-01,1824.3233
2023-01-02,1824.1633
2023-01-03,1839.6677
2023-01-04,1855.0746
2023-01-05,1859.76
2023-01-06,1865.888
2023-01-07,1865.888
2023-01-08,1865.888
2023-01-09,1872.1846
2023-01-10,1876.9378
2023-01-11,1876.2679
2023-01-12,1896.8403
2023-01-13,1920.4831
2023-01-14,1920.4831
2023-01-15,1920.4831
2023-01-16,1915.6618
2023-01-17,1908.5987
2023-01-18,1904.4307
2023-01-19,1932.2238
2023-01-20,1926.384
2023-01-21,1926.384
2023-01-22,1926.384
2023-01-23,1930.551
2023-01-24,1937.3769
2023-01-25,1945.9486
2023-01-26,1930.301
2023-01-27,1927.5
2023-01-28,1927.5
2023-01-29,1927.5
2023-01-30,1923.0734
2023-01-31,1928.1201
2023-02-01,1950.1689
2023-02-02,1912.6283
2023-02-03,1865.797
2023-02-04,1865.797
2023-02-05,1865.797
2023-02-06,1867.5463
2023-02-07,1872.5796
2023-02-08,1875.625
2023-02-09,1861.8583
2023-02-10,1865.5321
2023-02-11,1865.5321
2023-02-12,1865.5321
2023-02-13,1853.5286
2023-02-14,1854.1897
2023-02-15,1836.153
2023-02-16,1836.0
2023-02-17,1842.4007
2023-02-18,1842.4007
2023-02-19,1842.4007
2023-02-20,1841.0
2023-02-21,1834.7405
2023-02-22,1825.0473
2023-02-23,1821.9223
2023-02-24,1811.2736
2023-02-25,1811.2736
2023-02-26,1811.2736
2023-02-27,1817.3015
2023-02-28,1826.7404
2023-03-01,1836.7495
2023-03-02,1835.8915
2023-03-03,1855.334
2023-03-04,1855.334
2023-03-05,1855.334
2023-03-06,1846.6929
2023-03-07,1813.3341
2023-03-08,1813.8308
2023-03-09,1830.9041
2023-03-10,1868.1
2023-03-11,1868.1
2023-03-12,1868.1
2023-03-13,1912.1176
2023-03-14,1903.6483
2023-03-15,1921.6
2023-03-16,1919.3968
2023-03-17,1988.1368
2023-03-18,1988.1368
2023-03-19,1988.1368
2023-03-20,1976.6158
2023-03-21,1943.1898
2023-03-22,1969.7389
2023-03-23,1992.0096
2023-03-24,1978.2
2023-03-25,1978.2
2023-03-26,1978.2
2023-03-27,1956.5783
2023-03-28,1971.9989
2023-03-29,1962.9123
2023-03-30,1978.4419
2023-03-31,1969.5459
2023-04-01,1969.5459
2023-04-02,1969.5459
2023-04-03,1985.1859
2023-04-04,2020.8
2023-04-05,2020.202
2023-04-06,2007.8189
2023-04-07,2007.7987
2023-04-08,2007.7987
2023-04-09,2007.7987
2023-04-10,1992.2422
2023-04-11,2004.8729
2023-04-12,2017.6
2023-04-13,2039.6545
2023-04-14,2004.1205
2023-04-15,2004.1205
2023-04-16,2004.1205
2023-04-17,1994.2081
2023-04-18,2005.0
2023-04-19,1993.9113
2023-04-20,2005.0565
2023-04-21,1984.0135
2023-04-22,1984.0135
2023-04-23,1984.0135
2023-04-24,1995.2252
2023-04-25,1997.7
2023-04-26,1991.8474
2023-04-27,1987.0351
2023-04-28,1990.6
2023-04-29,1990.6
2023-04-30,1990.6
2023-05-01,1981.3728
2023-05-02,2015.9909
2023-05-03,2053.1347
2023-05-04,2049.5288
2023-05-05,2017.6
2023-05-06,2017.6
2023-05-07,2017.6
2023-05-08,2021.3453
2023-05-09,2036.5355
2023-05-10,2031.1
2023-05-11,2016.1165
2023-05-12,2010.5
2023-05-13,2010.5
2023-05-14,2010.5
2023-05-15,2014.5664
2023-05-16,1989.6507
2023-05-17,1981.9
2023-05-18,1958.2941
2023-05-19,1977.7358
2023-05-20,1977.7358
2023-05-21,1977.7358
2023-05-22,1969.9834
2023-05-23,1975.4855
2023-05-24,1959.9703
2023-05-25,1940.1062
2023-05-26,1946.2
2023-05-27,1946.2
2023-05-28,1946.2
2023-05-29,1941.6631
2023-05-30,1959.3698
2023-05-31,1965.2
2023-06-01,1977.0397
2023-06-02,1947.5
2023-06-03,1947.5
2023-06-04,1947.5
2023-06-05,1961.8269
2023-06-06,1963.3357
2023-06-07,1943.6
2023-06-08,1964.8183
2023-06-09,1960.7466
2023-06-10,1960.7466
2023-06-11,1960.7466
2023-06-12,1959.6
2023-06-13,1943.4588
2023-06-14,1943.7
2023-06-15,1958.3113
2023-06-16,1958.2
2023-06-17,1958.2
2023-06-18,1958.2
2023-06-19,1950.5949
2023-06-20,1936.9
2023-06-21,1934.2416
2023-06-22,1914.5721
2023-06-23,1920.2
2023-06-24,1920.2
2023-06-25,1920.2
2023-06-26,1921.7
2023-06-27,1913.7017
2023-06-28,1907.4425
2023-06-29,1908.2185
2023-06-30,1919.5693
2023-07-01,1919.5693
2023-07-02,1919.5693
2023-07-03,1921.6309
2023-07-04,1926.3286
2023-07-05,1915.1017
2023-07-06,1911.8249
2023-07-07,1924.4
2023-07-08,1924.4
2023-07-09,1924.4
2023-07-10,1924.7537
2023-07-11,1932.2929
2023-07-12,1957.2314
2023-07-13,1960.5595
2023-07-14,1954.3
2023-07-15,1954.3
2023-07-16,1954.3
2023-07-17,1954.4
2023-07-18,1977.7
2023-07-19,1976.0923
2023-07-20,1968.752
2023-07-21,1960.8422
2023-07-22,1960.8422
2023-07-23,1960.8422
2023-07-24,1953.2125
2023-07-25,1964.6734
2023-07-26,1972.3652
2023-07-27,1947.4727
2023-07-28,1959.3565
2023-07-29,1959.3565
2023-07-30,1959.3565
2023-07-31,1964.3387
2023-08-01,1951.6
2023-08-02,1935.1
2023-08-03,1934.8
2023-08-04,1942.6774
2023-08-05,1942.6774
2023-08-06,1942.6774
2023-08-07,1936.4764
2023-08-08,1924.6
2023-08-09,1914.7
2023-08-10,1912.0496
2023-08-11,1913.1
2023-08-12,1913.1
2023-08-13,1913.1
2023-08-14,1907.1
2023-08-15,1901.5505
2023-08-16,1891.4
2023-08-17,1891.1041
2023-08-18,1889.5322
2023-08-19,1889.5322
2023-08-20,1889.5322
2023-08-21,1893.9697
2023-08-22,1897.4942
2023-08-23,1916.7181
2023-08-24,1916.4
2023-08-25,1914.8
2023-08-26,1914.8
2023-08-27,1914.8
2023-08-28,1920.8
2023-08-29,1935.7
2023-08-30,1942.0769
2023-08-31,1939.8281
2023-09-01,1939.8074
2023-09-02,1939.8074
2023-09-03,1939.8074
2023-09-04,1937.8737
2023-09-05,1926.7786
2023-09-06,1915.7544
2023-09-07,1919.2429
2023-09-08,1919.0651
2023-09-09,1919.0651
2023-09-10,1919.0651
2023-09-11,1921.1
2023-09-12,1912.8
2023-09-13,1908.3985
2023-09-14,1909.5
2023-09-15,1923.9751
2023-09-16,1923.9751
2023-09-17,1923.9751
2023-09-18,1934.0997
2023-09-19,1930.651
2023-09-20,1929.4298
2023-09-21,1920.7
2023-09-22,1924.8
2023-09-23,1924.8
2023-09-24,1924.8
2023-09-25,1915.0
2023-09-26,1901.0703
2023-09-27,1876.3863
2023-09-28,1865.7358
2023-09-29,1848.4898
2023-09-30,1848.4898
2023-10-01,1848.4898
2023-10-02,1825.8402
2023-10-03,1822.6
2023-10-04,1822.6276
2023-10-05,1821.3811
2023-10-06,1832.3056
2023-10-07,1832.3056
2023-10-08,1832.3056
2023-10-09,1862.3528
2023-10-10,1859.4
2023-10-11,1875.2827
2023-10-12,1870.0
2023-10-13,1932.5
2023-10-14,1932.5
2023-10-15,1932.5
2023-10-16,1919.4009
2023-10-17,1923.9
2023-10-18,1949.3089
2023-10-19,1976.2423
2023-10-20,1981.1286
2023-10-21,1981.1286
2023-10-22,1981.1286
2023-10-23,1972.3933
2023-10-24,1972.323
2023-10-25,1979.8811
2023-10-26,1984.3613
2023-10-27,2005.6
2023-10-28,2005.6
2023-10-29,2005.6
2023-10-30,1996.0976
2023-10-31,1984.0109
2023-11-01,1984.4608
2023-11-02,1984.1135
2023-11-03,1992.2804
2023-11-04,1992.2804
2023-11-05,1992.2804
2023-11-06,1977.7347
2023-11-07,1967.0
2023-11-08,1948.2094
2023-11-09,1958.319
2023-11-10,1938.084
2023-11-11,1938.084
2023-11-12,1938.084
2023-11-13,1945.8226
2023-11-14,1962.9172
2023-11-15,1959.3275
2023-11-16,1980.8
2023-11-17,1980.9275
2023-11-18,1980.9275
2023-11-19,1980.9275
2023-11-20,1973.3863
2023-11-21,1973.3863
2023-11-22,1973.3863
2023-11-23,1973.3863
2023-11-24,2001.4347
2023-11-25,2001.4347
2023-11-26,2001.4347
2023-11-27,2001.9
2023-11-28,2014.4
2023-11-29,2043.7
2023-11-30,2044.8957
2023-12-01,2039.4
2023-12-02,2039.4
2023-12-03,2039.4
2023-12-04,2115.1
2023-12-05,2032.5466
2023-12-06,2017.6
2023-12-07,2028.3244
2023-12-08,2004.3314
2023-12-09,2004.3314
2023-12-10,2004.3314
2023-12-11,1981.5917
2023-12-12,1979.4815
2023-12-13,2027.367
2023-12-14,2036.3925
2023-12-15,2019.9096
2023-12-16,2019.9096
2023-12-17,2019.9096
2023-12-18,2027.2215
2023-12-19,2040.2438
2023-12-20,2031.5913
2023-12-21,2045.9144
2023-12-22,2053.2469
2023-12-23,2053.2469
2023-12-24,2053.2469
2023-12-25,2054.4562
2023-12-26,2067.8311
2023-12-27,2077.2185
2023-12-28,2065.3903
2023-12-29,2062.9233
2023-12-30,2062.9233
2023-12-31,2062.9233
2024-01-01,2064.6056
2024-01-02,2059.0028
2024-01-03,2041.3704
2024-01-04,2043.4165
2024-01-05,2045.6298
2024-01-06,2045.6298
2024-01-07,2045.6298
2024-01-08,2028.2268
2024-01-09,2030.1188
2024-01-10,2024.3192
2024-01-11,2028.6239
2024-01-12,2049.174
2024-01-13,2049.174
2024-01-14,2049.174
2024-01-15,2054.772
2024-01-16,2028.4449
2024-01-17,2006.33
2024-01-18,2023.1038
2024-01-19,2029.6244
2024-01-20,2029.6244
2024-01-21,2029.6244
2024-01-22,2021.7173
2024-01-23,2029.1878
2024-01-24,2014.0865
2024-01-25,2020.8981
2024-01-26,2018.5729
2024-01-27,2018.5729
2024-01-28,2018.5729
2024-01-29,2032.4088
2024-01-30,2036.7646
2024-01-31,2039.1538
2024-02-01,2054.7804
2024-02-02,2039.5759
2024-02-03,2039.5759
2024-02-04,2039.5759
2024-02-05,2024.8776
2024-02-06,2035.9405
2024-02-07,2035.0269
2024-02-08,2034.2279
2024-02-09,2024.3591
2024-02-10,2024.3591
2024-02-11,2024.3591
2024-02-12,2020.1173
2024-02-13,1992.8894
2024-02-14,1992.0557
2024-02-15,2004.0683
2024-02-16,2013.1418
2024-02-17,2013.1418
2024-02-18,2013.1418
2024-02-19,2017.9517
2024-02-20,2024.3222
2024-02-21,2026.0469
2024-02-22,2024.3489
2024-02-23,2035.4784
2024-02-24,2035.4784
2024-02-25,2035.4784
2024-02-26,2031.3003
2024-02-27,2030.4919
2024-02-28,2034.499
2024-02-29,2044.1997
2024-03-01,2082.6413
2024-03-02,2082.6413
2024-03-03,2082.6413
2024-03-04,2114.2934
2024-03-05,2127.8362
2024-03-06,2148.1446
2024-03-07,2159.9135
2024-03-08,2178.8819
2024-03-09,2178.8819
2024-03-10,2178.8819
2024-03-11,2183.4919
2024-03-12,2157.1762
2024-03-13,2175.3767
2024-03-14,2161.7789
2024-03-15,2156.0553
2024-03-16,2156.0553
2024-03-17,2156.0553
2024-03-18,2160.0768
2024-03-19,2157.488
2024-03-20,2205.4267
2024-03-21,2181.5104
2024-03-22,2165.4677
2024-03-23,2165.4677
2024-03-24,2165.4677
2024-03-25,2171.8451
2024-03-26,2179.6037
2024-03-27,2194.7874
2024-03-28,2231.5562
2024-03-29,2231.5551
2024-03-30,2231.5551
2024-03-31,2231.5551
2024-04-01,2251.2079
2024-04-02,2280.7098
2024-04-03,2297.414
2024-04-04,2289.456
2024-04-05,2330.0383
2024-04-06,2330.0383
2024-04-07,2330.0383
2024-04-08,2338.6944
2024-04-09,2354.4258
2024-04-10,2333.3847
2024-04-11,2335.2319
2024-04-12,2376.4428
2024-04-13,2376.4428
2024-04-14,2376.4428
2024-04-15,2364.0634
2024-04-16,2382.1406
2024-04-17,2382.5436
2024-04-18,2367.7213
2024-04-19,2379.8644
2024-04-20,2379.8644
2024-04-21,2379.8644
2024-04-22,2386.5964
2024-04-23,2333.4881
2024-04-24,2323.879
2024-04-25,2316.5469
2024-04-26,2330.914
2024-04-27,2330.914
2024-04-28,2330.914
2024-04-29,2336.3899
2024-04-30,2285.9886
2024-05-01,2322.5042
2024-05-02,2303.955
2024-05-03,2302.0974
2024-05-04,2302.0974
2024-05-05,2302.0974
2024-05-06,2323.9492
2024-05-07,2314.0702
2024-05-08,2308.4079
2024-05-09,2347.2415
2024-05-10,2360.5059
2024-05-11,2360.5059
2024-05-12,2360.5059
2024-05-13,2336.3312
2024-05-14,2355.6516
2024-05-15,2391.6436
2024-05-16,2378.4126
2024-05-17,2414.3276
2024-05-18,2414.3276
2024-05-19,2414.3276
2024-05-20,2426.5278
2024-05-21,2421.1785
2024-05-22,2378.8228
2024-05-23,2328.6167
2024-05-24,2334.1063
2024-05-25,2334.1063
2024-05-26,2334.1063
2024-05-27,2351.522
2024-05-28,2361.3308
2024-05-29,2338.3608
2024-05-30,2343.2566
2024-05-31,2327.2836
2024-06-01,2327.2836
2024-06-02,2327.2836
2024-06-03,2350.6541
2024-06-04,2328.7821
2024-06-05,2355.1467
2024-06-06,2375.8613
2024-06-07,2293.7792
2024-06-08,2293.7792
2024-06-09,2293.7792
2024-06-10,2310.9258
2024-06-11,2316.8528
2024-06-12,2324.6299
2024-06-13,2302.5877
2024-06-14,2332.8294
2024-06-15,2332.8294
2024-06-16,2332.8294
2024-06-17,2320.7941
2024-06-18,2328.6574
2024-06-19,2329.4114
2024-06-20,2360.0129
2024-06-21,2321.4407
2024-06-22,2321.4407
2024-06-23,2321.4407
2024-06-24,2334.1581
2024-06-25,2319.5667
2024-06-26,2298.6141
2024-06-27,2327.7738
2024-06-28,2326.7177
2024-06-29,2326.7177
2024-06-30,2326.7177
2024-07-01,2332.2255
2024-07-02,2329.4928
2024-07-03,2356.2677
2024-07-04,2357.1508
2024-07-05,2392.1342
2024-07-06,2392.1342
2024-07-07,2392.1342
2024-07-08,2359.097
2024-07-09,2365.2041
2024-07-10,2372.6481
2024-07-11,2415.3948
2024-07-12,2411.1695
2024-07-13,2411.1695
2024-07-14,2411.1695
2024-07-15,2422.3281
2024-07-16,2469.023
2024-07-17,2461.3476
2024-07-18,2443.57
2024-07-19,2400.6722
2024-07-20,2400.6722
2024-07-21,2400.6722
2024-07-22,2395.9441
2024-07-23,2409.5544
2024-07-24,2397.8659
2024-07-25,2364.2674
2024-07-26,2386.8314
2024-07-27,2386.8314
2024-07-28,2386.8314
2024-07-29,2381.579
2024-07-30,2409.6734
2024-07-31,2447.3573
2024-08-01,2446.3755
2024-08-02,2442.1993
2024-08-03,2442.1993
2024-08-04,2442.1993
2024-08-05,2409.7344
2024-08-06,2389.8632
2024-08-07,2384.9557
2024-08-08,2424.5422
2024-08-09,2431.1646
2024-08-10,2431.1646
2024-08-11,2431.1646
2024-08-12,2472.1573
2024-08-13,2465.1186
2024-08-14,2448.0583
2024-08-15,2457.2349
2024-08-16,2508.1389
2024-08-17,2508.1389
2024-08-18,2508.1389
2024-08-19,2504.2071
2024-08-20,2514.063
2024-08-21,2512.3987
2024-08-22,2487.0611
2024-08-23,2512.4492
2024-08-24,2512.4492
2024-08-25,2512.4492
2024-08-26,2516.6096
2024-08-27,2525.8553
2024-08-28,2504.5269
2024-08-29,2519.5644
2024-08-30,2503.3796
2024-08-31,2503.3796
2024-09-01,2503.3796
2024-09-02,2499.4314
2024-09-03,2492.9512
2024-09-04,2495.6607
2024-09-05,2516.711
2024-09-06,2497.4214
2024-09-07,2497.4214
2024-09-08,2497.4214
2024-09-09,2506.9568
2024-09-10,2518.3874
2024-09-11,2512.3892
2024-09-12,2558.1565
2024-09-13,2578.948
2024-09-14,2578.948
2024-09-15,2578.948
2024-09-16,2583.7957
2024-09-17,2569.6372
2024-09-18,2559.3055
2024-09-19,2587.3255
2024-09-20,2622.2836
2024-09-21,2622.2836
2024-09-22,2622.2836
2024-09-23,2626.3504
2024-09-24,2657.7793
2024-09-25,2657.0729
2024-09-26,2672.332
2024-09-27,2658.4609
2024-09-28,2658.4609
2024-09-29,2658.4609
2024-09-30,2634.7649
2024-10-01,2663.6833
2024-10-02,2658.8178
2024-10-03,2656.0778
2024-10-04,2653.5475
2024-10-05,2653.5475
2024-10-06,2653.5475
2024-10-07,2643.5305
2024-10-08,2622.0086
2024-10-09,2608.4802
2024-10-10,2632.9093
2024-10-11,2656.9635
2024-10-12,2656.9635
2024-10-13,2656.9635
2024-10-14,2649.5822
2024-10-15,2661.0395
2024-10-16,2673.8254
2024-10-17,2693.8494
2024-10-18,2721.6439
2024-10-19,2721.6439
2024-10-20,2721.6439
2024-10-21,2721.0847
2024-10-22,2747.1848
2024-10-23,2721.4217
2024-10-24,2734.5717
2024-10-25,2747.4981
2024-10-26,2747.4981
2024-10-27,2747.4981
2024-10-28,2743.522
2024-10-29,2775.0875
2024-10-30,2785.8723
2024-10-31,2746.7019
2024-11-01,2736.4198
2024-11-02,2736.4198
2024-11-03,2736.4198
2024-11-04,2736.6295
2024-11-05,2743.8456
2024-11-06,2659.2209
2024-11-07,2706.8581
2024-11-08,2684.5457
2024-11-09,2684.5457
2024-11-10,2684.5457
2024-11-11,2619.6595
2024-11-12,2598.3677
2024-11-13,2572.9363
2024-11-14,2566.4853
2024-11-15,2563.3731
2024-11-16,2563.3731
2024-11-17,2563.3731
2024-11-18,2611.1212
2024-11-19,2630.3676
2024-11-20,2648.8242
2024-11-21,2671.0693
2024-11-22,2712.823
2024-11-23,2712.823
2024-11-24,2712.823
2024-11-25,2622.1643
2024-11-26,2628.4836
2024-11-27,2637.0619
2024-11-28,2639.3383
2024-11-29,2651.2196
2024-11-30,2651.2196
2024-12-01,2651.2196
2024-12-02,2637.9656
2024-12-03,2648.8312
2024-12-04,2650.1158
2024-12-05,2631.6448
2024-12-06,2635.5878
2024-12-07,2635.5878
2024-12-08,2635.5878
2024-12-09,2664.1994
2024-12-10,2689.2641
2024-12-11,2716.2583
2024-12-12,2682.5956
2024-12-13,2655.3279
2024-12-14,2655.3279
2024-12-15,2655.3279
2024-12-16,2652.6817
2024-12-17,2646.3322
2024-12-18,2585.7299
2024-12-19,2594.4409
2024-12-20,2623.3843
2024-12-21,2623.3843
2024-12-22,2623.3843
2024-12-23,2613.0197
2024-12-24,2616.616
2024-12-25,2616.616
2024-12-26,2633.6582
2024-12-27,2621.9467
2024-12-28,2621.9467
2024-12-29,2621.9467
2024-12-30,2606.0805
2024-12-31,2624.603
2025-01-01,2624.603
2025-01-02,2657.8921
2025-01-03,2640.1664
2025-01-04,2640.1664
2025-01-05,2640.1664
2025-01-06,2635.8796
2025-01-07,2648.7119
2025-01-08,2661.5352
2025-01-09,2669.9489
