"Date","Price","Open","High","Low","Vol.","Change %"
"11/01/2024","2,761.95","2,756.60","2,767.40","2,754.50","","0.46%"
"10/31/2024","2,749.30","2,799.10","2,801.20","2,741.80","242.57K","-1.84%"
"10/30/2024","2,800.80","2,786.90","2,801.80","2,782.40","191.55K","1.16%"
"10/29/2024","2,768.80","2,741.90","2,773.20","2,741.90","0.85K","0.92%"
"10/28/2024","2,743.60","2,739.40","2,745.60","2,725.80","0.57K","0.05%"
"10/25/2024","2,742.20","2,735.40","2,747.20","2,716.90","0.26K","-0.24%"
"10/24/2024","2,748.90","2,729.20","2,756.30","2,728.70","175.87K","0.71%"
"10/23/2024","2,729.40","2,762.60","2,772.60","2,722.10","214.52K","-1.10%"
"10/22/2024","2,759.80","2,734.70","2,763.30","2,733.50","173.70K","0.76%"
"10/21/2024","2,738.90","2,736.30","2,755.40","2,728.50","210.45K","0.33%"
"10/18/2024","2,730.00","2,707.80","2,737.80","2,707.30","178.96K","0.83%"
"10/17/2024","2,707.50","2,690.40","2,712.70","2,688.20","181.82K","0.60%"
"10/16/2024","2,691.30","2,679.50","2,702.50","2,674.90","156.88K","0.46%"
"10/15/2024","2,678.90","2,663.50","2,685.90","2,654.40","160.56K","0.50%"
"10/14/2024","2,665.60","2,673.10","2,684.20","2,660.00","123.36K","-0.40%"
"10/11/2024","2,676.30","2,647.40","2,679.00","2,645.30","168.60K","1.40%"
"10/10/2024","2,639.30","2,625.80","2,648.90","2,618.80","195.58K","0.51%"
"10/09/2024","2,626.00","2,640.70","2,642.90","2,622.80","143.00K","-0.36%"
"10/08/2024","2,635.40","2,662.80","2,672.40","2,623.40","233.85K","-1.15%"
"10/07/2024","2,666.00","2,671.70","2,679.20","2,657.30","130.71K","-0.07%"
"10/04/2024","2,667.80","2,675.70","2,690.60","2,651.60","192.66K","-0.43%"
"10/03/2024","2,679.20","2,679.90","2,683.40","2,657.80","138.55K","0.36%"
"10/02/2024","2,669.70","2,684.60","2,684.80","2,662.10","128.68K","-0.77%"
"10/01/2024","2,690.30","2,656.10","2,694.70","2,653.80","202.76K","1.16%"
"09/30/2024","2,659.40","2,680.50","2,687.70","2,646.20","173.25K","-0.33%"
"09/27/2024","2,668.10","2,695.10","2,696.90","2,665.30","196.73K","-0.55%"
"09/26/2024","2,682.90","2,668.70","2,695.60","2,666.10","0.97K","0.37%"
"09/25/2024","2,673.00","2,671.20","2,681.70","2,662.70","0.78K","0.29%"
"09/24/2024","2,665.20","2,639.10","2,675.80","2,637.30","0.50K","0.92%"
"09/23/2024","2,640.90","2,633.60","2,647.90","2,627.70","0.47K","0.24%"
"09/20/2024","2,634.60","2,601.90","2,639.10","2,601.80","0.50K","1.22%"
"09/19/2024","2,602.90","2,570.00","2,605.80","2,566.40","0.20K","0.61%"
"09/18/2024","2,587.00","2,589.40","2,615.50","2,563.50","0.47K","0.24%"
"09/17/2024","2,580.80","2,598.20","2,602.00","2,577.40","0.12K","-0.64%"
"09/16/2024","2,597.30","2,598.00","2,604.70","2,593.50","0.07K","-0.07%"
"09/13/2024","2,599.10","2,574.90","2,601.30","2,574.70","0.51K","1.17%"
"09/12/2024","2,569.10","2,531.50","2,576.60","2,531.20","0.28K","1.51%"
"09/11/2024","2,530.90","2,537.10","2,540.60","2,521.30","0.08K","-0.03%"
"09/10/2024","2,531.60","2,524.00","2,534.80","2,518.30","0.10K","0.41%"
"09/09/2024","2,521.30","2,515.00","2,524.80","2,507.60","0.05K","0.32%"
"09/06/2024","2,513.20","2,533.20","2,541.70","2,511.00","0.06K","-0.73%"
"09/05/2024","2,531.60","2,513.90","2,541.30","2,513.00","0.14K","0.68%"
"09/04/2024","2,514.40","2,511.90","2,518.00","2,495.70","0.05K","0.12%"
"09/03/2024","2,511.40","2,513.80","2,525.80","2,496.30","0.05K","-0.18%"
"08/30/2024","2,516.00","2,542.20","2,542.20","2,534.20","0.01K","-1.24%"
"08/29/2024","2,547.70","2,539.20","2,562.20","2,536.50","159.97K","1.33%"
"08/28/2024","2,514.30","2,536.70","2,540.70","2,504.80","8.49K","-0.59%"
"08/27/2024","2,529.30","2,530.50","2,537.70","2,515.40","7.27K","-0.08%"
"08/26/2024","2,531.40","2,522.10","2,538.90","2,520.70","6.08K","0.35%"
"08/23/2024","2,522.60","2,497.20","2,530.40","2,497.00","6.90K","1.17%"
"08/22/2024","2,493.50","2,525.30","2,528.00","2,483.20","7.69K","-1.21%"
"08/21/2024","2,524.10","2,528.90","2,534.00","2,505.60","5.72K","-0.13%"
"08/20/2024","2,527.40","2,519.10","2,546.80","2,511.70","10.60K","0.37%"
"08/19/2024","2,518.10","2,526.10","2,526.40","2,500.90","8.05K","0.14%"
"08/16/2024","2,514.50","2,471.50","2,524.60","2,465.80","12.01K","1.83%"
"08/15/2024","2,469.40","2,463.00","2,484.40","2,446.50","9.30K","0.50%"
"08/14/2024","2,457.10","2,483.30","2,496.60","2,454.00","7.64K","-1.12%"
"08/13/2024","2,484.90","2,488.60","2,494.00","2,475.10","8.32K","0.17%"
"08/12/2024","2,480.80","2,447.50","2,490.00","2,439.80","9.80K","1.24%"
"08/09/2024","2,450.40","2,443.40","2,453.40","2,433.90","6.57K","0.39%"
"08/08/2024","2,440.80","2,398.60","2,445.00","2,398.10","7.24K","1.27%"
"08/07/2024","2,410.30","2,408.50","2,425.10","2,397.00","6.13K","0.04%"
"08/06/2024","2,409.30","2,430.90","2,437.20","2,399.60","8.78K","-0.55%"
"08/05/2024","2,422.60","2,467.70","2,478.00","2,382.80","18.80K","-1.01%"
"08/02/2024","2,447.30","2,467.60","2,498.90","2,430.80","16.79K","-0.40%"
"08/01/2024","2,457.10","2,469.60","2,482.60","2,450.30","13.82K","0.32%"
"07/31/2024","2,449.30","2,432.40","2,472.60","2,425.70","12.47K","0.86%"
"07/30/2024","2,428.40","2,404.10","2,434.50","2,398.30","22.17K","1.58%"
"07/29/2024","2,390.70","2,398.80","2,412.00","2,380.30","3.08K","-0.13%"
"07/26/2024","2,393.70","2,376.30","2,401.80","2,370.90","0.90K","1.17%"
"07/25/2024","2,366.10","2,410.50","2,411.80","2,364.90","1.17K","-2.58%"
"07/24/2024","2,428.70","2,422.60","2,445.00","2,410.30","0.73K","0.35%"
"07/23/2024","2,420.20","2,411.00","2,423.30","2,402.50","1.60K","0.52%"
"07/22/2024","2,407.70","2,416.30","2,426.00","2,399.30","0.45K","-0.19%"
"07/19/2024","2,412.20","2,460.50","2,460.50","2,409.00","0.68K","-2.33%"
"07/18/2024","2,469.80","2,476.30","2,491.30","2,459.90","0.72K","-0.14%"
"07/17/2024","2,473.20","2,485.80","2,500.50","2,469.20","0.58K","-0.31%"
"07/16/2024","2,481.00","2,440.40","2,486.50","2,438.90","0.44K","1.59%"
"07/15/2024","2,442.10","2,433.00","2,453.90","2,420.00","0.31K","0.34%"
"07/12/2024","2,433.80","2,432.60","2,435.10","2,411.00","0.12K","-0.05%"
"07/11/2024","2,434.90","2,390.20","2,443.20","2,390.00","0.22K","1.77%"
"07/10/2024","2,392.50","2,382.90","2,405.70","2,382.80","0.12K","0.50%"
"07/09/2024","2,380.50","2,379.10","2,387.90","2,371.80","0.08K","0.18%"
"07/08/2024","2,376.20","2,411.20","2,411.20","2,372.40","0.10K","-1.41%"
"07/05/2024","2,410.20","2,379.00","2,413.00","2,375.20","0.05K","1.93%"
"07/04/2024","2,364.60","2,367.20","2,371.05","2,359.35","","-0.73%"
"07/03/2024","2,381.90","2,350.70","2,385.50","2,350.10","0.07K","1.55%"
"07/02/2024","2,345.60","2,344.40","2,348.20","2,344.40","0.02K","-0.22%"
"07/01/2024","2,350.80","2,355.20","2,356.00","2,347.80","0.14K","0.00%"
"06/28/2024","2,350.90","2,356.50","2,357.00","2,347.30","0.01K","0.09%"
"06/27/2024","2,348.70","2,331.80","2,364.30","2,330.00","3.55K","1.53%"
"06/26/2024","2,313.20","2,331.80","2,335.80","2,304.70","191.63K","-0.76%"
"06/25/2024","2,330.80","2,346.80","2,349.70","2,327.10","144.27K","-0.58%"
"06/24/2024","2,344.40","2,333.50","2,347.50","2,329.50","117.63K","0.57%"
"06/21/2024","2,331.20","2,373.80","2,382.60","2,329.20","194.82K","-1.60%"
"06/20/2024","2,369.00","2,344.20","2,379.50","2,338.50","252.69K","1.11%"
"06/19/2024","2,343.00","2,342.95","2,349.65","2,338.60","","-0.17%"
"06/18/2024","2,346.90","2,333.70","2,348.20","2,320.20","154.25K","0.77%"
"06/17/2024","2,329.00","2,348.50","2,348.70","2,324.30","122.70K","-0.86%"
"06/14/2024","2,349.10","2,319.60","2,352.30","2,316.70","163.37K","1.34%"
"06/13/2024","2,318.00","2,340.90","2,342.40","2,310.90","182.66K","-1.56%"
"06/12/2024","2,354.80","2,334.00","2,358.80","2,327.20","241.67K","1.21%"
"06/11/2024","2,326.60","2,329.50","2,337.30","2,314.50","145.50K","-0.02%"
"06/10/2024","2,327.00","2,311.00","2,331.30","2,304.50","142.89K","0.09%"
"06/07/2024","2,325.00","2,395.70","2,406.70","2,304.20","314.55K","-2.76%"
"06/06/2024","2,390.90","2,375.30","2,397.80","2,372.20","172.20K","0.65%"
"06/05/2024","2,375.50","2,347.10","2,377.60","2,345.30","171.86K","1.20%"
"06/04/2024","2,347.40","2,371.30","2,373.10","2,335.10","171.55K","-0.92%"
"06/03/2024","2,369.30","2,348.00","2,375.50","2,334.80","173.15K","1.00%"
"05/31/2024","2,345.80","2,364.50","2,381.20","2,341.10","183.41K","-0.87%"
"05/30/2024","2,366.50","2,361.00","2,373.70","2,343.30","188.89K","0.62%"
"05/29/2024","2,352.00","2,372.90","2,373.50","2,346.00","2.83K","-0.65%"
"05/28/2024","2,367.30","2,348.70","2,375.20","2,347.70","1.49K","0.46%"
"05/27/2024","2,356.50","2,338.00","2,365.50","2,333.80","105.47K","0.47%"
"05/24/2024","2,345.40","2,341.50","2,357.10","2,339.10","0.69K","-0.12%"
"05/23/2024","2,348.20","2,393.20","2,395.30","2,340.00","1.14K","-2.31%"
"05/22/2024","2,403.70","2,436.30","2,440.00","2,392.10","0.71K","-1.36%"
"05/21/2024","2,436.90","2,442.30","2,448.40","2,420.20","0.54K","-0.51%"
"05/20/2024","2,449.50","2,438.60","2,464.50","2,425.60","0.70K","0.86%"
"05/17/2024","2,428.60","2,392.80","2,433.60","2,389.20","0.27K","1.34%"
"05/16/2024","2,396.40","2,401.00","2,413.10","2,387.00","0.36K","-0.39%"
"05/15/2024","2,405.80","2,372.20","2,406.30","2,370.90","0.35K","1.48%"
"05/14/2024","2,370.60","2,354.60","2,375.70","2,352.30","0.16K","0.71%"
"05/13/2024","2,353.80","2,379.80","2,380.60","2,349.50","0.15K","-1.33%"
"05/10/2024","2,385.60","2,363.10","2,390.80","2,363.10","0.24K","1.48%"
"05/09/2024","2,350.90","2,331.80","2,361.00","2,330.50","0.05K","0.78%"
"05/08/2024","2,332.80","2,335.40","2,336.50","2,323.20","0.13K","-0.09%"
"05/07/2024","2,334.80","2,344.80","2,346.10","2,329.40","0.11K","-0.29%"
"05/06/2024","2,341.60","2,326.10","2,348.30","2,326.10","0.07K","0.97%"
"05/03/2024","2,319.10","2,323.70","2,338.90","2,298.10","0.06K","-0.04%"
"05/02/2024","2,320.00","2,340.90","2,341.70","2,307.70","0.27K","-0.06%"
"05/01/2024","2,321.50","2,308.80","2,349.90","2,303.50","0.32K","0.35%"
"04/30/2024","2,313.40","2,335.20","2,335.20","2,307.00","0.16K","-2.39%"
"04/29/2024","2,370.00","2,369.70","2,380.70","2,353.50","9.15K","0.97%"
"04/26/2024","2,347.20","2,344.20","2,364.40","2,338.00","171.01K","0.20%"
"04/25/2024","2,342.50","2,327.40","2,357.60","2,316.40","224.47K","0.18%"
"04/24/2024","2,338.40","2,335.70","2,350.90","2,324.80","187.70K","-0.16%"
"04/23/2024","2,342.10","2,342.30","2,347.90","2,304.60","270.23K","-0.18%"
"04/22/2024","2,346.40","2,403.70","2,404.30","2,338.20","262.67K","-2.79%"
"04/19/2024","2,413.80","2,394.00","2,433.30","2,386.80","275.41K","0.66%"
"04/18/2024","2,398.00","2,377.90","2,408.00","2,377.20","200.55K","0.40%"
"04/17/2024","2,388.40","2,398.00","2,412.00","2,370.70","284.35K","-0.81%"
"04/16/2024","2,407.80","2,399.10","2,414.80","2,379.20","297.59K","1.04%"
"04/15/2024","2,383.00","2,369.40","2,404.30","2,340.20","343.73K","0.37%"
"04/12/2024","2,374.10","2,389.40","2,448.80","2,350.60","479.89K","0.06%"
"04/11/2024","2,372.70","2,351.70","2,395.60","2,343.10","260.42K","1.03%"
"04/10/2024","2,348.40","2,372.40","2,378.10","2,337.10","353.85K","-0.59%"
"04/09/2024","2,362.40","2,358.10","2,384.50","2,355.70","279.61K","0.48%"
"04/08/2024","2,351.00","2,343.60","2,372.50","2,321.70","285.57K","0.24%"
"04/05/2024","2,345.40","2,309.50","2,350.00","2,286.20","293.21K","1.60%"
"04/04/2024","2,308.50","2,321.00","2,325.30","2,298.70","236.23K","-0.28%"
"04/03/2024","2,315.00","2,301.70","2,321.80","2,285.70","254.57K","1.45%"
"04/02/2024","2,281.80","2,272.70","2,301.90","2,267.10","277.23K","1.09%"
"04/01/2024","2,257.10","2,259.20","2,286.40","2,249.10","220.77K","0.84%"
"03/28/2024","2,238.40","2,215.70","2,256.90","2,207.50","250.25K","1.16%"
"03/27/2024","2,212.70","2,200.50","2,218.30","2,193.70","191.46K","1.14%"
"03/26/2024","2,187.80","2,183.00","2,210.70","2,179.30","1.59K","0.05%"
"03/25/2024","2,186.80","2,177.50","2,192.70","2,175.00","0.96K","0.76%"
"03/22/2024","2,170.20","2,193.30","2,198.00","2,169.30","0.64K","-1.13%"
"03/21/2024","2,195.00","2,200.10","2,231.30","2,178.90","0.92K","1.11%"
"03/20/2024","2,171.00","2,171.30","2,201.40","2,164.20","0.66K","0.06%"
"03/19/2024","2,169.80","2,174.20","2,175.00","2,162.10","0.36K","-0.22%"
"03/18/2024","2,174.50","2,169.10","2,176.00","2,160.00","0.26K","0.13%"
"03/15/2024","2,171.60","2,175.50","2,186.70","2,169.40","0.21K","-0.28%"
"03/14/2024","2,177.80","2,190.00","2,190.50","2,168.30","0.35K","-0.61%"
"03/13/2024","2,191.10","2,174.40","2,195.70","2,172.90","0.35K","0.67%"
"03/12/2024","2,176.50","2,198.70","2,199.20","2,168.60","0.58K","-1.01%"
"03/11/2024","2,198.80","2,196.90","2,204.60","2,191.60","0.39K","0.16%"
"03/08/2024","2,195.30","2,176.30","2,211.50","2,172.10","0.46K","0.93%"
"03/07/2024","2,175.00","2,165.70","2,180.00","2,161.40","0.19K","0.32%"
"03/06/2024","2,168.00","2,145.30","2,168.30","2,142.70","0.17K","0.75%"
"03/05/2024","2,151.80","2,133.40","2,157.90","2,130.00","0.25K","0.73%"
"03/04/2024","2,136.20","2,101.10","2,136.50","2,099.90","0.14K","1.46%"
"03/01/2024","2,105.50","2,072.20","2,104.10","2,072.20","0.06K","1.99%"
"02/29/2024","2,064.40","2,060.00","2,063.40","2,060.00","0.01K","0.58%"
"02/28/2024","2,052.40","2,059.70","2,067.30","2,053.60","4.89K","0.41%"
"02/27/2024","2,044.10","2,041.20","2,049.10","2,038.10","148.78K","0.26%"
"02/26/2024","2,038.90","2,044.20","2,046.80","2,034.10","129.02K","-0.51%"
"02/23/2024","2,049.40","2,034.10","2,053.20","2,025.40","212.03K","0.92%"
"02/22/2024","2,030.70","2,036.50","2,045.50","2,029.30","147.95K","-0.18%"
"02/21/2024","2,034.30","2,036.20","2,043.50","2,030.90","120.60K","-0.27%"
"02/20/2024","2,039.80","2,027.70","2,042.70","2,023.90","202.43K","0.00%"
"02/19/2024","2,039.80","2,027.70","2,042.70","2,023.90","202.43K","0.78%"
"02/16/2024","2,024.10","2,016.10","2,027.20","2,006.60","162.36K","0.46%"
"02/15/2024","2,014.90","2,004.80","2,020.20","2,001.80","204.25K","0.53%"
"02/14/2024","2,004.30","2,006.30","2,008.80","1,996.40","193.61K","-0.14%"
"02/13/2024","2,007.20","2,033.70","2,047.30","2,002.80","217.57K","-1.27%"
"02/12/2024","2,033.00","2,038.20","2,041.80","2,025.40","116.03K","-0.28%"
"02/09/2024","2,038.70","2,049.70","2,051.90","2,034.30","116.03K","-0.45%"
"02/08/2024","2,047.90","2,051.00","2,053.80","2,034.60","137.08K","-0.19%"
"02/07/2024","2,051.70","2,052.60","2,061.30","2,046.40","125.63K","0.01%"
"02/06/2024","2,051.40","2,041.40","2,055.30","2,038.80","126.38K","0.42%"
"02/05/2024","2,042.90","2,057.90","2,059.10","2,030.80","170.43K","-0.53%"
"02/02/2024","2,053.70","2,072.00","2,074.70","2,044.20","219.80K","-0.84%"
"02/01/2024","2,071.10","2,057.90","2,083.20","2,046.40","260.92K","0.18%"
"01/31/2024","2,067.40","2,055.30","2,074.60","2,048.80","238.37K","0.80%"
"01/30/2024","2,050.90","2,051.50","2,068.00","2,047.10","214.59K","0.79%"
"01/29/2024","2,034.90","2,035.80","2,046.50","2,028.20","1.78K","0.41%"
"01/26/2024","2,026.60","2,028.90","2,035.70","2,025.40","0.41K","-0.02%"
"01/25/2024","2,027.10","2,025.40","2,034.00","2,017.00","0.46K","0.08%"
"01/24/2024","2,025.40","2,039.40","2,046.20","2,021.90","0.80K","-0.48%"
"01/23/2024","2,035.20","2,032.80","2,045.40","2,031.50","0.37K","0.18%"
"01/22/2024","2,031.50","2,040.40","2,043.00","2,027.40","0.33K","-0.34%"
"01/19/2024","2,038.50","2,033.70","2,050.10","2,031.80","0.30K","0.36%"
"01/18/2024","2,031.10","2,021.30","2,034.20","2,017.50","0.35K","0.75%"
"01/17/2024","2,015.90","2,040.80","2,041.00","2,014.60","0.18K","-1.17%"
"01/16/2024","2,039.70","2,060.00","2,069.70","2,037.50","0.48K","0.47%"
"01/15/2024","2,030.20","2,053.40","2,062.80","2,027.60","285.25K","-1.50%"
"01/12/2024","2,061.10","2,045.00","2,075.80","2,044.20","0.56K","1.59%"
"01/11/2024","2,028.90","2,039.40","2,060.10","2,027.40","0.36K","-0.42%"
"01/10/2024","2,037.50","2,046.20","2,052.00","2,036.40","0.13K","-0.25%"
"01/09/2024","2,042.70","2,044.60","2,054.90","2,041.90","0.18K","-0.02%"
"01/08/2024","2,043.20","2,061.50","2,061.50","2,035.10","0.21K","-0.80%"
"01/05/2024","2,059.70","2,063.60","2,079.00","2,041.70","0.29K","0.00%"
"01/04/2024","2,059.60","2,060.00","2,066.30","2,058.60","0.06K","0.35%"
"01/03/2024","2,052.50","2,082.70","2,082.70","2,049.20","0.08K","-1.46%"
"01/02/2024","2,083.00","2,084.30","2,094.70","2,075.40","0.07K","0.08%"
"12/29/2023","2,081.40","2,087.20","2,087.20","2,080.80","0.06K","-0.56%"
"12/28/2023","2,093.10","2,109.10","2,118.00","2,094.60","8.11K","0.00%"
"12/27/2023","2,093.10","2,079.30","2,095.80","2,072.80","128.18K","1.13%"
"12/26/2023","2,069.80","2,066.00","2,080.50","2,065.10","79.57K","0.03%"
"12/22/2023","2,069.10","2,061.20","2,083.00","2,058.20","170.15K","0.87%"
"12/21/2023","2,051.30","2,044.40","2,058.00","2,043.30","119.95K","0.18%"
"12/20/2023","2,047.70","2,053.80","2,056.90","2,040.60","122.57K","-0.21%"
"12/19/2023","2,052.10","2,041.10","2,061.00","2,034.80","134.78K","0.57%"
"12/18/2023","2,040.50","2,033.30","2,048.00","2,029.50","141.41K","0.24%"
"12/15/2023","2,035.70","2,051.30","2,059.60","2,029.20","172.15K","-0.45%"
"12/14/2023","2,044.90","2,043.20","2,062.90","2,039.10","231.10K","2.38%"
"12/13/2023","1,997.30","1,995.10","2,043.30","1,987.90","192.68K","0.21%"
"12/12/2023","1,993.20","1,997.80","2,012.50","1,992.30","148.53K","-0.03%"
"12/11/2023","1,993.70","2,020.00","2,023.70","1,991.20","160.07K","-1.03%"
"12/08/2023","2,014.50","2,045.70","2,050.40","2,010.60","237.29K","-1.56%"
"12/07/2023","2,046.40","2,043.40","2,057.20","2,036.60","173.98K","-0.07%"
"12/06/2023","2,047.90","2,037.80","2,053.40","2,035.30","154.22K","0.57%"
"12/05/2023","2,036.30","2,049.00","2,059.60","2,027.60","209.55K","-0.29%"
"12/04/2023","2,042.20","2,094.40","2,152.30","2,038.40","378.22K","-2.27%"
"12/01/2023","2,089.70","2,056.50","2,095.70","2,052.60","241.62K","1.58%"
"11/30/2023","2,057.20","2,065.40","2,067.40","2,051.20","151.92K","-0.48%"
"11/29/2023","2,067.10","2,062.00","2,072.70","2,055.90","197.79K","0.81%"
"11/28/2023","2,050.50","2,025.00","2,054.40","2,022.90","1.86K","1.35%"
"11/27/2023","2,023.10","2,012.90","2,027.50","2,012.70","1.06K","0.47%"
"11/24/2023","2,013.70","2,002.50","2,014.10","2,002.00","0.52K","0.53%"
"11/23/2023","2,003.00","1,991.20","2,004.50","1,990.90","214.88K","-0.02%"
"11/22/2023","2,003.40","2,010.40","2,015.00","1,999.80","0.67K","-0.43%"
"11/21/2023","2,012.00","1,994.10","2,019.50","1,993.20","0.67K","1.07%"
"11/20/2023","1,990.70","1,997.90","1,997.90","1,978.10","0.31K","-0.22%"
"11/17/2023","1,995.10","1,994.70","2,004.60","1,992.80","0.04K","-0.13%"
"11/16/2023","1,997.70","1,971.50","1,999.70","1,971.30","0.18K","1.16%"
"11/15/2023","1,974.70","1,977.20","1,989.50","1,971.50","0.12K","-0.12%"
"11/14/2023","1,977.00","1,960.30","1,983.90","1,960.30","0.12K","0.84%"
"11/13/2023","1,960.60","1,954.80","1,961.50","1,949.10","1.38K","0.65%"
"11/10/2023","1,948.00","1,971.10","1,971.10","1,948.00","0.76K","-1.63%"
"11/09/2023","1,980.30","1,965.00","1,979.60","1,964.30","0.26K","0.61%"
"11/08/2023","1,968.30","1,984.60","1,984.60","1,965.80","0.21K","-0.80%"
"11/07/2023","1,984.10","1,989.40","1,989.40","1,978.40","0.73K","-0.76%"
"11/06/2023","1,999.30","2,001.90","2,006.00","1,995.80","0.77K","-0.52%"
"11/03/2023","2,009.70","2,017.40","2,017.40","2,010.50","0.02K","0.29%"
"11/02/2023","2,003.90","2,005.00","2,005.00","2,000.40","0.04K","0.31%"
"11/01/2023","1,997.80","2,004.80","2,004.80","1,997.00","0.00K","-0.34%"
"10/31/2023","2,004.60","2,009.80","2,009.80","2,002.30","0.01K","-0.52%"
"10/30/2023","2,015.00","2,034.00","2,036.90","2,020.10","7.63K","0.83%"
"10/27/2023","1,998.50","1,995.00","2,019.70","1,986.40","213.76K","0.06%"
"10/26/2023","1,997.40","1,991.20","2,003.70","1,981.60","214.05K","0.13%"
"10/25/2023","1,994.90","1,982.70","1,998.60","1,973.60","240.66K","0.44%"
"10/24/2023","1,986.10","1,984.10","1,992.00","1,964.60","200.94K","-0.09%"
"10/23/2023","1,987.80","1,987.70","1,994.30","1,971.00","212.29K","-0.33%"
"10/20/2023","1,994.40","1,988.00","2,009.20","1,983.70","289.11K","0.70%"
"10/19/2023","1,980.50","1,960.10","1,990.20","1,957.00","264.82K","0.62%"
"10/18/2023","1,968.30","1,936.70","1,975.80","1,935.90","270.05K","1.68%"
"10/17/2023","1,935.70","1,933.30","1,944.50","1,924.60","165.06K","0.07%"
"10/16/2023","1,934.30","1,941.30","1,943.00","1,921.20","182.82K","-0.37%"
"10/13/2023","1,941.50","1,881.70","1,946.20","1,881.50","312.99K","3.11%"
"10/12/2023","1,883.00","1,888.10","1,898.30","1,880.60","163.48K","-0.23%"
"10/11/2023","1,887.30","1,873.70","1,890.90","1,871.70","169.96K","0.64%"
"10/10/2023","1,875.30","1,875.40","1,879.10","1,866.10","157.34K","0.59%"
"10/09/2023","1,864.30","1,861.00","1,877.30","1,857.50","187.80K","1.04%"
"10/06/2023","1,845.20","1,834.30","1,849.00","1,823.50","231.02K","0.73%"
"10/05/2023","1,831.80","1,837.60","1,843.50","1,826.20","172.46K","-0.16%"
"10/04/2023","1,834.80","1,838.70","1,846.80","1,831.60","195.05K","-0.36%"
"10/03/2023","1,841.50","1,844.90","1,849.30","1,830.90","216.78K","-0.31%"
"10/02/2023","1,847.20","1,864.40","1,864.70","1,842.70","202.15K","-1.01%"
"09/29/2023","1,866.10","1,882.30","1,896.70","1,862.30","245.13K","-0.67%"
"09/28/2023","1,878.60","1,893.30","1,896.80","1,874.50","231.42K","-0.16%"
"09/27/2023","1,881.70","1,910.70","1,912.20","1,881.70","0.41K","-1.52%"
"09/26/2023","1,910.70","1,925.80","1,925.80","1,908.50","0.36K","-0.87%"
"09/25/2023","1,927.40","1,936.10","1,937.10","1,925.50","0.26K","-0.46%"
"09/22/2023","1,936.30","1,933.40","1,939.00","1,933.40","0.14K","0.31%"
"09/21/2023","1,930.40","1,935.40","1,939.20","1,924.80","0.15K","-1.41%"
"09/20/2023","1,958.00","1,941.30","1,959.40","1,941.30","0.56K","0.69%"
"09/19/2023","1,944.50","1,944.70","1,948.40","1,942.70","0.11K","0.01%"
"09/18/2023","1,944.30","1,938.30","1,943.60","1,938.30","0.01K","0.38%"
"09/15/2023","1,937.00","1,928.60","1,940.90","1,928.60","0.09K","0.69%"
"09/14/2023","1,923.70","1,915.20","1,924.00","1,914.70","0.02K","0.01%"
"09/13/2023","1,923.50","1,923.00","1,925.40","1,921.80","0.00K","-0.13%"
"09/12/2023","1,926.10","1,938.20","1,938.20","1,924.00","0.02K","-0.62%"
"09/11/2023","1,938.20","1,937.20","1,938.50","1,937.20","0.01K","0.23%"
"09/08/2023","1,933.70","1,940.00","1,943.50","1,936.00","0.01K","0.02%"
"09/07/2023","1,933.30","1,933.60","1,938.00","1,932.90","0.01K","-0.09%"
"09/06/2023","1,935.00","1,932.10","1,932.80","1,931.50","0.01K","-0.44%"
"09/05/2023","1,943.50","1,961.80","1,961.80","1,943.40","0.01K","-0.47%"
"09/04/2023","1,952.60","1,966.70","1,972.60","1,950.60","192.79K","-0.27%"
"09/01/2023","1,957.80","1,966.40","1,980.20","1,960.70","160.73K","0.06%"
"08/31/2023","1,956.60","1,970.20","1,974.90","1,965.50","133.71K","-0.36%"
"08/30/2023","1,963.70","1,966.00","1,977.10","1,962.80","142.38K","0.90%"
"08/29/2023","1,946.10","1,929.70","1,947.20","1,923.10","7.52K","0.94%"
"08/28/2023","1,927.90","1,929.20","1,935.10","1,921.50","6.60K","0.34%"
"08/25/2023","1,921.30","1,926.20","1,931.70","1,912.70","7.61K","-0.37%"
"08/24/2023","1,928.50","1,927.50","1,932.90","1,920.90","6.64K","-0.07%"
"08/23/2023","1,929.90","1,909.10","1,931.30","1,909.10","9.51K","1.14%"
"08/22/2023","1,908.10","1,905.90","1,915.20","1,899.70","5.20K","0.16%"
"08/21/2023","1,905.10","1,900.10","1,909.50","1,895.30","6.05K","0.37%"
"08/18/2023","1,898.10","1,900.40","1,907.40","1,897.70","5.15K","0.07%"
"08/17/2023","1,896.70","1,904.50","1,914.90","1,895.90","6.12K","-0.69%"
"08/16/2023","1,909.80","1,914.50","1,919.30","1,903.70","4.90K","-0.35%"
"08/15/2023","1,916.50","1,920.00","1,925.20","1,909.00","4.16K","-0.45%"
"08/14/2023","1,925.20","1,926.80","1,929.20","1,915.80","5.67K","-0.13%"
"08/11/2023","1,927.70","1,925.90","1,934.40","1,924.00","4.67K","-0.12%"
"08/10/2023","1,930.00","1,930.20","1,944.40","1,925.80","6.73K","-0.08%"
"08/09/2023","1,931.50","1,939.70","1,946.70","1,928.40","5.19K","-0.46%"
"08/08/2023","1,940.50","1,951.70","1,953.10","1,937.30","6.30K","-0.51%"
"08/07/2023","1,950.50","1,958.60","1,962.00","1,946.90","3.17K","-0.31%"
"08/04/2023","1,956.60","1,950.20","1,964.60","1,936.00","5.38K","0.37%"
"08/03/2023","1,949.40","1,951.40","1,955.00","1,945.00","7.32K","-0.31%"
"08/02/2023","1,955.50","1,967.80","1,972.40","1,949.60","7.29K","-0.19%"
"08/01/2023","1,959.20","1,985.10","1,985.10","1,959.00","7.51K","-1.51%"
"07/31/2023","1,989.30","1,978.00","1,991.00","1,967.20","6.27K","0.47%"
"07/28/2023","1,980.00","1,965.90","1,982.00","1,964.50","12.41K","1.25%"
"07/27/2023","1,955.50","1,982.40","1,991.80","1,951.50","3.84K","-1.23%"
"07/26/2023","1,979.90","1,977.00","1,989.40","1,973.50","0.89K","0.33%"
"07/25/2023","1,973.40","1,966.70","1,976.60","1,962.00","0.38K","0.08%"
"07/24/2023","1,971.90","1,973.50","1,978.90","1,964.90","0.46K","-0.22%"
"07/21/2023","1,976.20","1,982.30","1,984.20","1,969.80","0.13K","-0.22%"
"07/20/2023","1,980.50","1,989.80","1,998.40","1,977.90","0.45K","-0.49%"
"07/19/2023","1,990.30","1,990.20","1,993.00","1,984.10","0.12K","0.00%"
"07/18/2023","1,990.30","1,967.90","1,997.20","1,967.90","0.50K","1.24%"
"07/17/2023","1,966.00","1,968.80","1,972.90","1,959.10","0.23K","-0.41%"
"07/14/2023","1,974.00","1,972.30","1,977.00","1,966.10","0.14K","0.03%"
"07/13/2023","1,973.40","1,972.10","1,976.40","1,967.30","0.18K","0.10%"
"07/12/2023","1,971.40","1,947.30","1,973.90","1,947.20","0.82K","1.27%"
"07/11/2023","1,946.70","1,942.00","1,953.10","1,941.30","0.15K","0.32%"
"07/10/2023","1,940.40","1,940.00","1,941.00","1,928.20","0.42K","-0.08%"
"07/07/2023","1,941.90","1,940.30","1,949.10","1,931.50","0.24K","0.89%"
"07/06/2023","1,924.80","1,932.80","1,941.50","1,918.40","1.41K","-0.60%"
"07/05/2023","1,936.40","1,943.20","1,952.20","1,936.20","0.09K","0.48%"
"07/04/2023","1,927.10","1,929.10","1,942.90","1,922.10","245.93K","-0.60%"
"07/03/2023","1,938.70","1,932.50","1,943.10","1,927.90","0.05K","0.02%"
"06/30/2023","1,938.30","1,923.30","1,934.00","1,923.30","0.02K","0.61%"
"06/29/2023","1,926.60","1,935.50","1,940.00","1,919.60","2.43K","0.23%"
"06/28/2023","1,922.20","1,923.10","1,926.10","1,911.40","162.49K","-0.08%"
"06/27/2023","1,923.80","1,932.70","1,940.30","1,919.80","180.44K","-0.52%"
"06/26/2023","1,933.80","1,936.30","1,943.40","1,931.10","147.77K","0.22%"
"06/23/2023","1,929.60","1,923.50","1,949.00","1,919.50","186.86K","0.31%"
"06/22/2023","1,923.70","1,943.30","1,945.10","1,922.00","171.78K","-1.09%"
"06/21/2023","1,944.90","1,948.00","1,950.40","1,929.30","182.02K","-0.14%"
"06/20/2023","1,947.70","1,970.70","1,971.80","1,940.80","250.14K","0.00%"
"06/19/2023","1,947.70","1,970.70","1,971.80","1,940.80","250.14K","-1.19%"
"06/16/2023","1,971.20","1,970.30","1,980.40","1,965.40","160.51K","0.03%"
"06/15/2023","1,970.70","1,955.70","1,972.80","1,936.10","266.35K","0.09%"
"06/14/2023","1,968.90","1,957.20","1,973.90","1,952.50","199.71K","0.53%"
"06/13/2023","1,958.60","1,971.40","1,985.90","1,953.00","198.40K","-0.56%"
"06/12/2023","1,969.70","1,975.60","1,981.40","1,963.10","122.54K","-0.38%"
"06/09/2023","1,977.20","1,980.50","1,987.80","1,971.00","130.41K","-0.07%"
"06/08/2023","1,978.60","1,956.20","1,985.70","1,955.20","191.84K","1.03%"
"06/07/2023","1,958.40","1,980.00","1,986.50","1,955.40","189.53K","-1.17%"
"06/06/2023","1,981.50","1,978.00","1,982.90","1,970.30","136.00K","0.36%"
"06/05/2023","1,974.30","1,962.30","1,980.40","1,953.80","179.99K","0.24%"
"06/02/2023","1,969.60","1,994.60","2,000.50","1,963.70","209.69K","-1.30%"
"06/01/2023","1,995.50","1,981.30","2,000.70","1,970.10","176.91K","0.68%"
"05/31/2023","1,982.10","1,977.50","1,993.10","1,971.80","207.75K","0.25%"
"05/30/2023","1,977.10","1,961.30","1,981.90","1,949.60","264.37K","0.00%"
"05/29/2023","1,977.10","1,961.30","1,981.90","1,949.60","264.37K","1.18%"
"05/26/2023","1,954.00","1,951.20","1,966.20","1,948.40","1.25K","0.04%"
"05/25/2023","1,953.20","1,969.20","1,974.60","1,949.00","1.01K","-1.06%"
"05/24/2023","1,974.10","1,987.30","1,997.00","1,968.30","0.57K","-0.50%"
"05/23/2023","1,984.00","1,983.30","1,987.20","1,966.10","0.43K","-0.14%"
"05/22/2023","1,986.70","1,991.00","1,992.90","1,981.60","0.73K","-0.23%"
"05/19/2023","1,991.20","1,974.90","1,995.50","1,970.50","0.54K","1.11%"
"05/18/2023","1,969.40","1,995.90","1,995.90","1,964.40","0.50K","-1.26%"
"05/17/2023","1,994.60","2,003.30","2,005.50","1,988.30","0.63K","-0.41%"
"05/16/2023","2,002.80","2,030.10","2,030.10","1,999.10","0.32K","-1.47%"
"05/15/2023","2,032.60","2,023.50","2,036.60","2,023.20","0.20K","0.14%"
"05/12/2023","2,029.70","2,031.20","2,035.70","2,016.20","0.15K","-0.03%"
"05/11/2023","2,030.40","2,052.20","2,055.00","2,027.10","0.33K","-0.81%"
"05/10/2023","2,047.00","2,049.80","2,064.30","2,039.40","0.37K","-0.29%"
"05/09/2023","2,052.90","2,037.00","2,054.30","2,037.00","0.15K","0.47%"
"05/08/2023","2,043.20","2,038.70","2,046.50","2,035.90","0.27K","0.42%"
"05/05/2023","2,034.70","2,065.30","2,065.30","2,018.90","0.43K","-1.50%"
"05/04/2023","2,065.60","2,069.40","2,080.00","2,050.70","0.72K","0.91%"
"05/03/2023","2,046.90","2,034.70","2,058.20","2,034.70","0.27K","0.67%"
"05/02/2023","2,033.20","2,000.20","2,037.50","2,000.20","0.24K","1.56%"
"05/01/2023","2,002.00","2,009.70","2,023.90","1,996.20","0.55K","-0.33%"
"04/28/2023","2,008.60","2,001.40","2,003.40","2,000.70","0.15K","0.02%"
"04/27/2023","2,008.10","2,018.10","2,031.90","2,001.00","10.37K","0.61%"
"04/26/2023","1,996.00","2,007.70","2,020.20","1,993.70","241.40K","-0.42%"
"04/25/2023","2,004.50","1,999.40","2,014.50","1,986.20","222.55K","0.24%"
"04/24/2023","1,999.80","1,992.00","2,001.50","1,984.40","139.88K","0.47%"
"04/21/2023","1,990.50","2,016.10","2,016.80","1,982.30","210.50K","-1.42%"
"04/20/2023","2,019.10","2,007.70","2,024.20","2,002.20","162.84K","0.59%"
"04/19/2023","2,007.30","2,017.90","2,020.30","1,980.90","218.81K","-0.61%"
"04/18/2023","2,019.70","2,007.90","2,024.60","2,003.30","164.98K","0.63%"
"04/17/2023","2,007.00","2,014.10","2,028.00","1,993.40","183.43K","-0.44%"
"04/14/2023","2,015.80","2,054.70","2,061.60","2,006.00","262.83K","-1.92%"
"04/13/2023","2,055.30","2,029.50","2,063.40","2,028.30","198.46K","1.50%"
"04/12/2023","2,024.90","2,019.10","2,043.90","2,015.70","228.49K","0.29%"
"04/11/2023","2,019.00","2,007.00","2,022.50","2,003.70","126.38K","0.76%"
"04/10/2023","2,003.80","2,008.60","2,021.50","1,996.50","136.23K","-1.12%"
"04/06/2023","2,026.40","2,037.10","2,037.70","2,016.50","149.13K","-0.45%"
"04/05/2023","2,035.60","2,038.20","2,049.20","2,026.10","197.37K","-0.13%"
"04/04/2023","2,038.20","2,001.30","2,043.40","1,994.00","233.30K","1.89%"
"04/03/2023","2,000.40","1,990.00","2,008.00","1,965.90","187.99K","0.71%"
"03/31/2023","1,986.20","1,998.00","2,005.50","1,984.20","162.21K","-0.58%"
"03/30/2023","1,997.70","1,982.70","2,002.40","1,971.60","171.70K","1.14%"
"03/29/2023","1,975.20","1,983.60","1,983.60","1,968.20","1.42K","-0.31%"
"03/28/2023","1,981.40","1,966.50","1,984.60","1,958.30","1.02K","0.98%"
"03/27/2023","1,962.20","1,990.90","1,990.90","1,954.60","0.77K","-1.52%"
"03/24/2023","1,992.40","2,004.10","2,013.20","1,986.60","1.16K","-0.58%"
"03/23/2023","2,004.10","1,978.80","2,013.50","1,977.50","1.14K","2.36%"
"03/22/2023","1,957.80","1,954.20","1,990.00","1,948.30","0.77K","0.43%"
"03/21/2023","1,949.50","1,995.20","1,996.20","1,950.10","0.90K","-2.08%"
"03/20/2023","1,991.00","2,000.50","2,021.70","1,979.10","0.80K","0.49%"
"03/17/2023","1,981.30","1,934.10","2,000.90","1,934.10","0.38K","2.62%"
"03/16/2023","1,930.80","1,925.00","1,944.30","1,921.50","0.16K","-0.43%"
"03/15/2023","1,939.20","1,914.90","1,950.20","1,898.70","0.36K","1.07%"
"03/14/2023","1,918.60","1,926.70","1,926.70","1,911.10","0.22K","-0.29%"
"03/13/2023","1,924.20","1,890.00","1,927.00","1,884.10","0.61K","2.62%"
"03/10/2023","1,875.10","1,847.00","1,880.20","1,847.00","0.10K","1.77%"
"03/09/2023","1,842.50","1,826.50","1,846.10","1,826.50","0.04K","0.88%"
"03/08/2023","1,826.50","1,824.50","1,833.10","1,821.90","0.25K","-0.07%"
"03/07/2023","1,827.80","1,862.80","1,862.80","1,829.70","0.04K","-1.86%"
"03/06/2023","1,862.50","1,866.70","1,870.10","1,859.50","0.03K","0.00%"
"03/03/2023","1,862.50","1,852.20","1,869.50","1,852.20","0.05K","0.76%"
"03/02/2023","1,848.40","1,847.00","1,852.70","1,847.00","0.02K","-0.26%"
"03/01/2023","1,853.20","1,839.50","1,860.00","1,839.50","0.04K","0.47%"
"02/28/2023","1,844.60","1,841.00","1,845.30","1,841.00","0.02K","0.64%"
"02/27/2023","1,832.80","1,834.00","1,843.60","1,829.00","10.69K","0.86%"
"02/24/2023","1,817.10","1,829.70","1,835.10","1,815.50","169.47K","-0.53%"
"02/23/2023","1,826.80","1,834.70","1,841.20","1,824.80","179.97K","-0.80%"
"02/22/2023","1,841.50","1,843.70","1,855.00","1,831.90","141.50K","-0.05%"
"02/21/2023","1,842.50","1,850.50","1,856.40","1,839.00","210.17K","0.00%"
"02/20/2023","1,842.50","1,850.50","1,856.40","1,839.00","210.17K","-0.42%"
"02/17/2023","1,850.20","1,845.70","1,853.10","1,827.70","165.08K","-0.09%"
"02/16/2023","1,851.80","1,846.50","1,854.90","1,836.60","168.51K","0.35%"
"02/15/2023","1,845.30","1,865.10","1,870.90","1,839.30","169.53K","-1.08%"
"02/14/2023","1,865.40","1,864.10","1,881.60","1,852.50","217.01K","0.10%"
"02/13/2023","1,863.50","1,876.70","1,877.20","1,860.80","131.22K","-0.59%"
"02/10/2023","1,874.50","1,873.50","1,883.50","1,863.50","155.27K","-0.21%"
"02/09/2023","1,878.50","1,888.30","1,902.30","1,870.20","183.55K","-0.65%"
"02/08/2023","1,890.70","1,885.10","1,898.90","1,881.40","131.90K","0.31%"
"02/07/2023","1,884.80","1,880.30","1,897.20","1,877.50","179.67K","0.28%"
"02/06/2023","1,879.50","1,878.00","1,894.00","1,873.20","164.54K","0.15%"
"02/03/2023","1,876.60","1,926.30","1,932.40","1,874.50","310.61K","-2.81%"
"02/02/2023","1,930.80","1,967.10","1,975.20","1,925.60","259.84K","-0.62%"
"02/01/2023","1,942.80","1,944.00","1,970.80","1,936.10","210.61K","-0.13%"
"01/31/2023","1,945.30","1,938.60","1,946.90","1,915.50","194.08K","0.31%"
"01/30/2023","1,939.20","1,944.00","1,950.10","1,936.20","138.07K","0.13%"
"01/27/2023","1,936.60","1,936.80","1,943.00","1,923.70","2.33K","-0.05%"
"01/26/2023","1,937.60","1,955.30","1,957.00","1,926.50","2.10K","-0.65%"
"01/25/2023","1,950.30","1,946.00","1,956.00","1,928.70","1.27K","0.37%"
"01/24/2023","1,943.10","1,940.50","1,950.60","1,926.30","1.08K","0.36%"
"01/23/2023","1,936.20","1,936.10","1,943.70","1,920.10","0.97K","0.02%"
"01/20/2023","1,935.80","1,941.40","1,945.00","1,931.00","0.58K","0.23%"
"01/19/2023","1,931.40","1,913.20","1,944.00","1,909.90","0.72K","0.88%"
"01/18/2023","1,914.60","1,918.70","1,934.70","1,907.00","0.96K","-0.16%"
"01/17/2023","1,917.60","1,930.10","1,936.10","1,914.70","0.45K","0.40%"
"01/16/2023","1,909.90","1,923.80","1,931.80","1,906.20","268.37K","-1.00%"
"01/13/2023","1,929.10","1,908.70","1,932.30","1,904.50","0.87K","1.20%"
"01/12/2023","1,906.20","1,887.60","1,912.00","1,881.00","0.85K","1.05%"
"01/11/2023","1,886.40","1,888.50","1,898.20","1,878.90","0.33K","0.11%"
"01/10/2023","1,884.30","1,882.20","1,892.60","1,880.30","0.32K","-0.05%"
"01/09/2023","1,885.30","1,882.00","1,893.00","1,881.40","0.36K","0.45%"
"01/06/2023","1,876.90","1,850.40","1,881.70","1,848.80","0.30K","1.55%"
"01/05/2023","1,848.20","1,869.50","1,869.50","1,840.00","0.27K","-0.98%"
"01/04/2023","1,866.50","1,852.00","1,876.70","1,852.00","0.11K","0.70%"
"01/03/2023","1,853.50","1,841.60","1,864.00","1,841.40","0.32K","1.08%"
"12/30/2022","1,833.70","1,830.00","1,836.10","1,830.00","0.05K","0.04%"
"12/29/2022","1,833.00","1,828.00","1,842.70","1,827.00","5.11K","0.95%"
"12/28/2022","1,815.80","1,822.40","1,822.80","1,804.20","118.08K","-0.40%"
"12/27/2022","1,823.10","1,808.20","1,841.90","1,808.00","159.62K","1.05%"
"12/23/2022","1,804.20","1,801.00","1,812.20","1,798.90","105.46K","0.50%"
"12/22/2022","1,795.30","1,823.80","1,829.30","1,792.70","175.77K","-1.65%"
"12/21/2022","1,825.40","1,827.90","1,833.80","1,821.30","110.18K","0.00%"
"12/20/2022","1,825.40","1,796.80","1,832.40","1,793.70","197.50K","1.54%"
"12/19/2022","1,797.70","1,801.60","1,808.60","1,793.20","86.09K","-0.14%"
"12/16/2022","1,800.20","1,786.90","1,804.20","1,783.90","128.75K","0.69%"
"12/15/2022","1,787.80","1,818.70","1,819.70","1,782.00","185.32K","-1.70%"
"12/14/2022","1,818.70","1,822.60","1,825.40","1,806.20","143.80K","-0.37%"
"12/13/2022","1,825.50","1,792.30","1,836.90","1,791.80","230.91K","1.85%"
"12/12/2022","1,792.30","1,808.00","1,809.30","1,789.00","107.78K","-1.02%"
"12/09/2022","1,810.70","1,801.90","1,819.00","1,800.10","150.94K","0.51%"
"12/08/2022","1,801.50","1,799.50","1,806.90","1,793.20","116.27K","0.19%"
"12/07/2022","1,798.00","1,783.30","1,803.20","1,780.50","155.57K","0.88%"
"12/06/2022","1,782.40","1,780.80","1,793.20","1,779.10","127.86K","0.06%"
"12/05/2022","1,781.30","1,810.50","1,822.90","1,778.10","179.82K","-1.56%"
"12/02/2022","1,809.60","1,817.00","1,818.70","1,791.80","183.72K","-0.31%"
"12/01/2022","1,815.20","1,783.10","1,818.40","1,782.90","226.15K","3.14%"
"11/30/2022","1,759.90","1,763.40","1,784.20","1,758.20","192.24K","-0.22%"
"11/29/2022","1,763.70","1,754.60","1,773.40","1,752.90","127.32K","0.89%"
"11/28/2022","1,748.10","1,763.10","1,770.90","1,746.60","1.35K","-0.78%"
"11/25/2022","1,761.80","1,759.40","1,768.00","1,755.00","0.51K","0.44%"
"11/24/2022","1,754.00","1,751.00","1,761.20","1,745.90","134.30K","0.04%"
"11/23/2022","1,753.30","1,750.00","1,760.90","1,727.00","0.81K","0.33%"
"11/22/2022","1,747.60","1,752.10","1,758.00","1,745.70","0.20K","0.02%"
"11/21/2022","1,747.30","1,759.70","1,759.70","1,744.00","0.36K","-0.83%"
"11/18/2022","1,762.00","1,769.60","1,775.60","1,757.70","0.14K","-0.49%"
"11/17/2022","1,770.60","1,780.20","1,780.80","1,764.90","0.22K","-0.72%"
"11/16/2022","1,783.50","1,791.70","1,795.20","1,781.40","0.59K","-0.04%"
"11/15/2022","1,784.20","1,779.60","1,793.10","1,778.50","0.34K","0.01%"
"11/14/2022","1,784.00","1,774.80","1,783.70","1,765.20","0.20K","0.42%"
"11/11/2022","1,776.60","1,764.70","1,776.80","1,757.80","0.14K","0.89%"
"11/10/2022","1,761.00","1,716.30","1,765.50","1,715.70","0.19K","2.32%"
"11/09/2022","1,721.00","1,719.00","1,728.90","1,713.00","0.11K","-0.12%"
"11/08/2022","1,723.10","1,688.10","1,727.20","1,688.10","0.10K","2.10%"
"11/07/2022","1,687.60","1,687.00","1,690.00","1,685.30","0.13K","0.24%"
"11/04/2022","1,683.60","1,656.80","1,691.10","1,656.60","0.20K","2.80%"
"11/03/2022","1,637.80","1,646.40","1,646.40","1,628.60","0.02K","-1.15%"
"11/02/2022","1,656.90","1,664.90","1,672.70","1,645.60","0.04K","0.00%"
"11/01/2022","1,656.90","1,660.60","1,665.50","1,656.00","0.10K","0.58%"
"10/31/2022","1,647.40","1,646.60","1,650.80","1,646.60","0.00K","-0.16%"
"10/28/2022","1,650.00","1,681.50","1,684.80","1,655.20","13.64K","-0.94%"
"10/27/2022","1,665.60","1,668.80","1,674.80","1,658.50","189.29K","-0.22%"
"10/26/2022","1,669.20","1,657.70","1,679.40","1,653.80","186.93K","0.68%"
"10/25/2022","1,658.00","1,654.50","1,666.80","1,641.20","182.80K","0.24%"
"10/24/2022","1,654.10","1,662.90","1,675.50","1,648.00","171.02K","-0.13%"
"10/21/2022","1,656.30","1,632.40","1,663.10","1,621.10","271.10K","1.19%"
"10/20/2022","1,636.80","1,634.60","1,650.30","1,626.30","163.73K","0.16%"
"10/19/2022","1,634.20","1,657.20","1,659.80","1,632.20","179.25K","-1.30%"
"10/18/2022","1,655.80","1,655.90","1,666.00","1,650.60","163.17K","-0.49%"
"10/17/2022","1,664.00","1,649.90","1,674.30","1,649.10","148.89K","0.92%"
"10/14/2022","1,648.90","1,672.80","1,677.80","1,645.60","183.17K","-1.68%"
"10/13/2022","1,677.00","1,680.20","1,688.90","1,648.30","237.01K","-0.03%"
"10/12/2022","1,677.50","1,673.40","1,685.10","1,668.00","131.77K","-0.50%"
"10/11/2022","1,686.00","1,675.60","1,691.30","1,667.50","171.81K","0.64%"
"10/10/2022","1,675.20","1,703.40","1,707.40","1,672.50","157.15K","-1.99%"
"10/07/2022","1,709.30","1,721.00","1,722.80","1,698.40","157.45K","-0.67%"
"10/06/2022","1,720.80","1,725.50","1,734.20","1,714.80","139.44K","0.00%"
"10/05/2022","1,720.80","1,734.40","1,736.60","1,708.80","173.22K","-0.56%"
"10/04/2022","1,730.50","1,708.40","1,738.70","1,704.00","205.08K","1.67%"
"10/03/2022","1,702.00","1,670.50","1,710.40","1,666.50","215.49K","1.79%"
"09/30/2022","1,672.00","1,669.50","1,684.40","1,667.50","179.99K","0.20%"
"09/29/2022","1,668.60","1,669.00","1,673.10","1,649.30","201.96K","0.21%"
"09/28/2022","1,665.10","1,631.40","1,666.00","1,618.00","1.90K","2.08%"
"09/27/2022","1,631.10","1,626.70","1,643.50","1,626.70","0.83K","0.18%"
"09/26/2022","1,628.20","1,643.00","1,651.00","1,623.20","0.64K","-1.32%"
"09/23/2022","1,650.00","1,674.60","1,674.60","1,642.70","1.36K","-1.56%"
"09/22/2022","1,676.10","1,674.30","1,688.00","1,659.00","0.32K","0.34%"
"09/21/2022","1,670.50","1,666.80","1,685.90","1,657.60","0.17K","0.29%"
"09/20/2022","1,665.70","1,682.30","1,682.30","1,665.90","0.07K","-0.41%"
"09/19/2022","1,672.60","1,680.20","1,680.20","1,663.50","0.18K","-0.32%"
"09/16/2022","1,677.90","1,665.60","1,680.00","1,659.10","0.32K","0.39%"
"09/15/2022","1,671.40","1,695.00","1,695.00","1,664.80","0.28K","-1.87%"
"09/14/2022","1,703.20","1,704.00","1,709.70","1,701.10","0.17K","-0.51%"
"09/13/2022","1,712.00","1,733.40","1,733.40","1,703.80","0.22K","-1.36%"
"09/12/2022","1,735.60","1,731.00","1,737.30","1,728.00","0.04K","0.70%"
"09/09/2022","1,723.60","1,716.00","1,726.40","1,716.00","0.02K","0.48%"
"09/08/2022","1,715.30","1,723.40","1,725.50","1,713.50","0.20K","-0.44%"
"09/07/2022","1,722.80","1,712.90","1,731.20","1,701.70","173.62K","0.87%"
"09/06/2022","1,707.90","1,719.70","1,719.70","1,714.20","0.02K","-0.29%"
"09/05/2022","1,712.90","1,724.20","1,737.40","1,710.60","206.27K","-0.28%"
"09/02/2022","1,717.70","1,709.60","1,709.60","1,709.60","0.00K","0.78%"
"09/01/2022","1,704.40","1,708.00","1,708.00","1,707.00","0.01K","-0.99%"
"08/31/2022","1,721.40","1,735.50","1,738.00","1,720.60","176.73K","-0.59%"
"08/30/2022","1,731.60","1,749.80","1,752.80","1,732.90","130.66K","-0.51%"
"08/29/2022","1,740.50","1,740.10","1,748.60","1,722.50","4.69K","-0.01%"
"08/26/2022","1,740.60","1,762.30","1,762.30","1,737.00","7.63K","-1.20%"
"08/25/2022","1,761.80","1,755.10","1,769.30","1,753.80","4.95K","0.56%"
"08/24/2022","1,752.00","1,752.20","1,759.70","1,745.50","4.64K","0.03%"
"08/23/2022","1,751.50","1,739.50","1,757.60","1,733.80","5.04K","0.74%"
"08/22/2022","1,738.60","1,750.50","1,752.30","1,730.40","7.38K","-0.82%"
"08/19/2022","1,753.00","1,762.70","1,762.70","1,749.50","6.91K","-0.46%"
"08/18/2022","1,761.10","1,766.30","1,775.90","1,758.90","3.92K","-0.31%"
"08/17/2022","1,766.50","1,780.50","1,786.30","1,763.70","5.60K","-0.72%"
"08/16/2022","1,779.40","1,785.20","1,787.60","1,775.20","3.52K","-0.48%"
"08/15/2022","1,787.90","1,808.20","1,808.20","1,777.60","5.56K","-0.96%"
"08/12/2022","1,805.20","1,793.90","1,808.60","1,789.90","5.25K","0.47%"
"08/11/2022","1,796.80","1,797.90","1,804.30","1,788.50","4.51K","-0.36%"
"08/10/2022","1,803.30","1,799.80","1,814.40","1,793.00","8.71K","0.10%"
"08/09/2022","1,801.50","1,794.00","1,806.00","1,788.50","6.34K","0.40%"
"08/08/2022","1,794.30","1,780.30","1,795.50","1,776.20","4.37K","0.78%"
"08/05/2022","1,780.50","1,796.00","1,800.50","1,769.80","7.23K","-0.87%"
"08/04/2022","1,796.20","1,771.90","1,801.00","1,769.50","9.44K","1.70%"
"08/03/2022","1,766.10","1,767.40","1,779.10","1,759.70","6.90K","-0.76%"
"08/02/2022","1,779.70","1,779.30","1,794.80","1,766.20","9.85K","0.12%"
"08/01/2022","1,777.60","1,772.20","1,781.80","1,764.10","7.76K","0.34%"
"07/29/2022","1,771.50","1,762.40","1,774.20","1,758.40","7.96K","0.71%"
"07/28/2022","1,759.00","1,741.30","1,764.00","1,740.90","20.39K","2.07%"
"07/27/2022","1,723.30","1,720.00","1,743.00","1,713.80","2.60K","0.08%"
"07/26/2022","1,721.90","1,721.80","1,729.90","1,715.90","0.77K","-0.08%"
"07/25/2022","1,723.20","1,730.10","1,734.30","1,717.50","0.52K","-0.47%"
"07/22/2022","1,731.40","1,721.00","1,740.30","1,716.40","0.69K","0.82%"
"07/21/2022","1,717.30","1,697.10","1,722.60","1,682.80","0.53K","0.79%"
"07/20/2022","1,703.90","1,713.70","1,715.00","1,694.60","0.16K","-0.60%"
"07/19/2022","1,714.10","1,711.20","1,719.10","1,707.70","0.10K","0.02%"
"07/18/2022","1,713.80","1,710.30","1,724.70","1,708.90","0.57K","0.37%"
"07/15/2022","1,707.50","1,712.70","1,716.70","1,703.50","0.27K","-0.14%"
"07/14/2022","1,709.90","1,738.70","1,738.70","1,700.60","0.55K","-1.70%"
"07/13/2022","1,739.50","1,728.00","1,748.20","1,710.90","0.18K","0.61%"
"07/12/2022","1,728.90","1,737.20","1,738.80","1,726.00","0.09K","-0.40%"
"07/11/2022","1,735.90","1,741.80","1,744.70","1,735.10","0.75K","-0.62%"
"07/08/2022","1,746.70","1,743.70","1,755.40","1,737.00","0.66K","0.15%"
"07/07/2022","1,744.10","1,743.00","1,748.10","1,742.40","0.79K","0.16%"
"07/06/2022","1,741.30","1,771.90","1,774.90","1,736.80","1.03K","-1.56%"
"07/05/2022","1,768.90","1,817.00","1,817.00","1,768.90","1.33K","0.28%"
"07/04/2022","1,763.90","1,814.40","1,815.20","1,763.00","310.37K","-2.33%"
"07/01/2022","1,805.90","1,810.30","1,816.80","1,788.90","0.23K","-0.34%"
"06/30/2022","1,812.00","1,816.30","1,830.00","1,811.50","0.10K","-0.55%"
"06/29/2022","1,822.00","1,830.20","1,843.60","1,820.00","1.43K","0.04%"
"06/28/2022","1,821.20","1,823.60","1,830.90","1,819.10","111.40K","-0.20%"
"06/27/2022","1,824.80","1,839.60","1,842.80","1,821.80","143.82K","-0.30%"
"06/24/2022","1,830.30","1,824.20","1,833.70","1,817.70","139.72K","0.03%"
"06/23/2022","1,829.80","1,839.70","1,848.90","1,823.50","167.07K","-0.47%"
"06/22/2022","1,838.40","1,834.90","1,850.30","1,824.50","149.55K","-0.02%"
"06/21/2022","1,838.80","1,840.60","1,848.40","1,830.70","176.30K","0.00%"
"06/20/2022","1,838.80","1,840.60","1,848.40","1,830.70","176.30K","-0.10%"
"06/17/2022","1,840.60","1,859.30","1,861.50","1,836.10","141.72K","-0.50%"
"06/16/2022","1,849.90","1,835.80","1,860.20","1,816.30","180.89K","1.67%"
"06/15/2022","1,819.60","1,809.70","1,845.40","1,808.40","203.42K","0.34%"
"06/14/2022","1,813.50","1,820.90","1,833.30","1,806.10","165.15K","-1.00%"
"06/13/2022","1,831.80","1,879.00","1,882.50","1,819.00","252.54K","-2.33%"
"06/10/2022","1,875.50","1,850.40","1,879.60","1,826.50","267.20K","1.23%"
"06/09/2022","1,852.80","1,855.10","1,857.80","1,841.90","131.29K","-0.20%"
"06/08/2022","1,856.50","1,855.00","1,862.40","1,846.60","114.14K","0.24%"
"06/07/2022","1,852.10","1,843.50","1,858.20","1,838.50","119.21K","0.46%"
"06/06/2022","1,843.70","1,853.70","1,861.20","1,843.00","103.18K","-0.35%"
"06/03/2022","1,850.20","1,872.60","1,878.60","1,849.70","115.34K","-1.13%"
"06/02/2022","1,871.40","1,849.90","1,874.40","1,846.50","127.47K","1.23%"
"06/01/2022","1,848.70","1,840.00","1,853.00","1,830.20","158.04K","0.02%"
"05/31/2022","1,848.40","1,856.50","1,867.90","1,837.60","201.80K","0.00%"
"05/30/2022","1,848.40","1,856.50","1,867.90","1,837.60","201.80K","-0.48%"
"05/27/2022","1,857.30","1,855.10","1,866.90","1,851.90","123.76K","0.36%"
"05/26/2022","1,850.60","1,854.50","1,855.00","1,840.40","1.12K","0.08%"
"05/25/2022","1,849.20","1,867.60","1,869.00","1,843.00","0.65K","-1.03%"
"05/24/2022","1,868.40","1,855.40","1,871.30","1,851.30","1.15K","0.96%"
"05/23/2022","1,850.60","1,847.40","1,865.00","1,847.40","0.84K","0.32%"
"05/20/2022","1,844.70","1,842.70","1,848.80","1,834.00","0.15K","0.04%"
"05/19/2022","1,844.00","1,818.30","1,850.40","1,818.30","0.47K","1.37%"
"05/18/2022","1,819.00","1,816.20","1,825.10","1,808.90","0.20K","-0.16%"
"05/17/2022","1,821.90","1,827.20","1,834.90","1,814.30","0.17K","0.28%"
"05/16/2022","1,816.80","1,815.00","1,828.00","1,790.00","0.22K","0.30%"
"05/13/2022","1,811.30","1,821.00","1,830.00","1,801.20","0.09K","-0.91%"
"05/12/2022","1,827.90","1,857.90","1,859.60","1,824.00","0.08K","-1.57%"
"05/11/2022","1,857.10","1,841.50","1,858.40","1,837.40","0.10K","0.69%"
"05/10/2022","1,844.40","1,861.90","1,866.60","1,839.90","0.08K","-0.95%"
"05/09/2022","1,862.00","1,883.60","1,883.60","1,858.00","0.01K","-1.28%"
"05/06/2022","1,886.20","1,873.10","1,892.00","1,873.10","0.01K","0.38%"
"05/05/2022","1,879.00","1,898.40","1,910.20","1,878.70","0.05K","0.37%"
"05/04/2022","1,872.10","1,871.90","1,889.20","1,866.10","0.09K","-0.10%"
"05/03/2022","1,873.90","1,868.70","1,879.30","1,859.70","0.16K","0.37%"
"05/02/2022","1,867.00","1,894.50","1,894.50","1,865.00","0.02K","-2.51%"
"04/29/2022","1,915.10","1,909.20","1,920.60","1,901.20","0.01K","1.07%"
"04/28/2022","1,894.80","1,893.00","1,904.30","1,877.80","6.72K","0.32%"
"04/27/2022","1,888.70","1,907.40","1,908.10","1,881.60","178.20K","-0.81%"
"04/26/2022","1,904.10","1,899.80","1,912.20","1,896.30","166.20K","0.43%"
"04/25/2022","1,896.00","1,931.90","1,935.50","1,891.80","231.49K","-1.98%"
"04/22/2022","1,934.30","1,953.10","1,957.80","1,928.00","176.68K","-0.71%"
"04/21/2022","1,948.20","1,960.00","1,960.10","1,938.00","154.92K","-0.38%"
"04/20/2022","1,955.60","1,952.70","1,960.90","1,941.00","139.51K","-0.17%"
"04/19/2022","1,959.00","1,981.20","1,985.10","1,945.50","181.44K","-1.38%"
"04/18/2022","1,986.40","1,978.50","2,003.00","1,974.40","138.13K","0.58%"
"04/14/2022","1,974.90","1,981.60","1,984.00","1,962.70","139.42K","-0.49%"
"04/13/2022","1,984.70","1,970.50","1,985.80","1,966.30","132.03K","0.44%"
"04/12/2022","1,976.10","1,957.40","1,982.70","1,953.00","172.39K","1.43%"
"04/11/2022","1,948.20","1,949.60","1,974.60","1,942.90","184.39K","0.13%"
"04/08/2022","1,945.60","1,934.30","1,952.20","1,930.40","142.50K","0.40%"
"04/07/2022","1,937.80","1,928.10","1,941.70","1,923.30","122.81K","0.76%"
"04/06/2022","1,923.10","1,927.60","1,937.60","1,916.20","153.97K","-0.23%"
"04/05/2022","1,927.50","1,937.30","1,948.90","1,920.90","147.26K","-0.34%"
"04/04/2022","1,934.00","1,927.10","1,941.60","1,918.20","108.44K","0.54%"
"04/01/2022","1,923.70","1,942.40","1,944.50","1,921.40","135.15K","-1.55%"
"03/31/2022","1,954.00","1,937.30","1,955.00","1,923.00","155.30K","0.77%"
"03/30/2022","1,939.00","1,924.00","1,943.40","1,920.10","136.04K","1.24%"
"03/29/2022","1,915.20","1,924.30","1,930.50","1,891.00","2.43K","-1.40%"
"03/28/2022","1,942.30","1,959.10","1,962.00","1,919.00","1.08K","-0.75%"
"03/25/2022","1,956.90","1,962.30","1,967.40","1,946.80","0.63K","-0.41%"
"03/24/2022","1,964.90","1,947.40","1,969.50","1,941.40","1.14K","1.27%"
"03/23/2022","1,940.20","1,924.00","1,950.80","1,920.50","0.81K","0.82%"
"03/22/2022","1,924.40","1,938.70","1,941.70","1,913.60","1.17K","-0.42%"
"03/21/2022","1,932.50","1,922.70","1,943.20","1,922.00","0.64K","0.04%"
"03/18/2022","1,931.70","1,945.70","1,948.30","1,921.60","0.26K","-0.73%"
"03/17/2022","1,946.00","1,930.60","1,952.50","1,928.30","0.42K","1.78%"
"03/16/2022","1,911.90","1,922.70","1,932.70","1,898.60","0.38K","-1.07%"
"03/15/2022","1,932.60","1,958.80","1,958.80","1,911.60","0.53K","-1.57%"
"03/14/2022","1,963.40","1,985.60","1,990.00","1,956.50","0.19K","-1.22%"
"03/11/2022","1,987.60","2,004.10","2,004.10","1,965.40","0.73K","-0.76%"
"03/10/2022","2,002.90","2,000.20","2,015.70","1,979.10","1.30K","0.61%"
"03/09/2022","1,990.70","2,054.80","2,071.00","1,984.30","0.61K","-2.72%"
"03/08/2022","2,046.30","2,004.30","2,078.70","1,992.60","1.59K","2.38%"
"03/07/2022","1,998.70","1,984.30","2,008.60","1,968.10","1.25K","1.51%"
"03/04/2022","1,968.90","1,944.30","1,974.00","1,940.00","0.79K","1.59%"
"03/03/2022","1,938.10","1,933.00","1,943.80","1,926.50","0.99K","0.70%"
"03/02/2022","1,924.60","1,947.20","1,951.10","1,922.90","0.66K","-1.06%"
"03/01/2022","1,945.30","1,909.00","1,944.40","1,909.00","0.04K","2.27%"
"02/28/2022","1,902.20","1,913.00","1,919.90","1,896.10","0.04K","0.69%"
"02/25/2022","1,889.20","1,909.50","1,928.00","1,887.70","8.22K","-1.93%"
"02/24/2022","1,926.30","1,911.90","1,976.50","1,878.60","423.05K","0.83%"
"02/23/2022","1,910.40","1,901.20","1,912.90","1,891.10","154.84K","0.16%"
"02/22/2022","1,907.40","1,903.50","1,918.30","1,889.70","334.59K","0.00%"
"02/21/2022","1,907.40","1,903.50","1,918.30","1,889.70","334.59K","0.40%"
"02/18/2022","1,899.80","1,901.40","1,905.00","1,888.00","161.75K","-0.12%"
"02/17/2022","1,902.00","1,872.00","1,904.00","1,869.70","268.55K","1.63%"
"02/16/2022","1,871.50","1,855.50","1,874.60","1,851.80","141.49K","0.82%"
"02/15/2022","1,856.20","1,873.80","1,881.60","1,845.40","214.88K","-0.71%"
"02/14/2022","1,869.40","1,862.20","1,876.50","1,851.90","231.02K","1.48%"
"02/11/2022","1,842.10","1,827.00","1,867.40","1,821.10","239.09K","0.26%"
"02/10/2022","1,837.40","1,834.00","1,843.30","1,821.80","227.46K","0.04%"
"02/09/2022","1,836.60","1,827.00","1,837.10","1,825.50","136.72K","0.48%"
"02/08/2022","1,827.90","1,821.50","1,829.90","1,816.00","142.41K","0.33%"
"02/07/2022","1,821.80","1,808.00","1,824.60","1,807.50","139.81K","0.77%"
"02/04/2022","1,807.80","1,805.40","1,815.80","1,792.10","177.71K","0.21%"
"02/03/2022","1,804.10","1,807.40","1,809.50","1,788.50","173.72K","-0.34%"
"02/02/2022","1,810.30","1,800.80","1,812.00","1,794.60","123.02K","0.49%"
"02/01/2022","1,801.50","1,798.90","1,809.70","1,796.20","128.88K","0.28%"
"01/31/2022","1,796.40","1,792.80","1,800.90","1,785.80","139.42K","0.55%"
"01/28/2022","1,786.60","1,799.60","1,800.30","1,780.60","217.15K","-0.42%"
"01/27/2022","1,794.20","1,820.30","1,822.50","1,792.00","2.18K","-2.01%"
"01/26/2022","1,831.00","1,849.40","1,851.60","1,816.00","1.86K","-1.25%"
"01/25/2022","1,854.10","1,845.20","1,855.60","1,836.90","0.81K","0.58%"
"01/24/2022","1,843.40","1,835.30","1,846.00","1,831.60","0.82K","0.54%"
"01/21/2022","1,833.50","1,841.60","1,844.80","1,831.00","0.55K","-0.59%"
"01/20/2022","1,844.30","1,841.30","1,850.10","1,839.00","0.77K","-0.02%"
"01/19/2022","1,844.70","1,814.00","1,845.10","1,811.20","0.38K","1.69%"
"01/18/2022","1,814.10","1,818.70","1,824.20","1,806.90","0.34K","0.09%"
"01/17/2022","1,812.40","1,818.70","1,822.90","1,804.70","362.94K","-0.32%"
"01/14/2022","1,818.30","1,822.90","1,830.60","1,816.30","0.13K","-0.27%"
"01/13/2022","1,823.30","1,827.80","1,827.80","1,814.10","0.11K","-0.32%"
"01/12/2022","1,829.10","1,822.50","1,828.90","1,817.70","0.06K","0.48%"
"01/11/2022","1,820.40","1,802.20","1,824.40","1,802.20","0.35K","1.09%"
"01/10/2022","1,800.70","1,799.70","1,802.40","1,792.50","0.54K","0.08%"
"01/07/2022","1,799.30","1,792.60","1,800.00","1,784.00","2.26K","0.46%"
"01/06/2022","1,791.00","1,812.30","1,812.30","1,788.70","0.66K","-1.95%"
"01/05/2022","1,826.60","1,821.90","1,831.50","1,811.60","0.60K","0.59%"
"01/04/2022","1,815.80","1,807.90","1,817.00","1,801.80","0.46K","0.82%"
"01/03/2022","1,801.10","1,826.80","1,826.80","1,800.20","0.02K","-1.56%"
"12/31/2021","1,829.70","1,828.50","1,830.20","1,823.60","0.02K","0.79%"
"12/30/2021","1,815.30","1,807.40","1,820.30","1,798.80","6.52K","0.53%"
"12/29/2021","1,805.80","1,806.60","1,808.00","1,789.10","138.69K","-0.28%"
"12/28/2021","1,810.90","1,812.10","1,821.60","1,805.50","100.54K","0.12%"
"12/27/2021","1,808.80","1,810.20","1,814.60","1,803.60","84.23K","-0.16%"
"12/23/2021","1,811.70","1,805.60","1,812.00","1,799.00","104.84K","0.53%"
"12/22/2021","1,802.20","1,789.40","1,806.30","1,785.80","110.41K","0.75%"
"12/21/2021","1,788.70","1,791.40","1,801.70","1,785.00","134.15K","-0.33%"
"12/20/2021","1,794.60","1,800.20","1,804.60","1,789.00","105.39K","-0.57%"
"12/17/2021","1,804.90","1,801.50","1,815.70","1,796.50","156.61K","0.37%"
"12/16/2021","1,798.20","1,777.90","1,800.70","1,775.70","167.78K","1.91%"
"12/15/2021","1,764.50","1,771.90","1,781.30","1,753.00","161.10K","-0.44%"
"12/14/2021","1,772.30","1,787.60","1,789.80","1,766.10","153.25K","-0.89%"
"12/13/2021","1,788.30","1,784.20","1,792.80","1,782.20","106.06K","0.20%"
"12/10/2021","1,784.80","1,776.30","1,791.00","1,770.40","142.00K","0.46%"
"12/09/2021","1,776.70","1,784.30","1,788.40","1,773.30","123.97K","-0.49%"
"12/08/2021","1,785.50","1,785.10","1,794.30","1,780.10","109.69K","0.04%"
"12/07/2021","1,784.70","1,779.50","1,789.30","1,772.40","129.89K","0.29%"
"12/06/2021","1,779.50","1,787.70","1,789.00","1,776.40","104.48K","-0.25%"
"12/03/2021","1,783.90","1,769.40","1,788.00","1,766.00","175.18K","1.20%"
"12/02/2021","1,762.70","1,783.80","1,785.20","1,762.20","172.72K","-1.21%"
"12/01/2021","1,784.30","1,777.40","1,795.70","1,773.70","180.34K","0.44%"
"11/30/2021","1,776.50","1,786.90","1,811.40","1,771.20","242.86K","-0.49%"
"11/29/2021","1,785.20","1,795.20","1,801.50","1,782.00","151.37K","-0.10%"
"11/26/2021","1,786.90","1,788.40","1,817.70","1,780.50","2.97K","0.08%"
"11/25/2021","1,785.50","1,789.60","1,816.30","1,778.60","186.80K","-0.01%"
"11/24/2021","1,785.60","1,793.40","1,797.00","1,779.20","0.97K","0.03%"
"11/23/2021","1,785.10","1,810.40","1,813.10","1,783.10","1.86K","-1.25%"
"11/22/2021","1,807.70","1,843.00","1,851.10","1,804.00","1.18K","-2.44%"
"11/19/2021","1,852.90","1,864.20","1,869.00","1,846.00","0.54K","-0.53%"
"11/18/2021","1,862.70","1,869.80","1,874.50","1,858.30","0.49K","-0.47%"
"11/17/2021","1,871.50","1,852.70","1,871.10","1,852.70","0.24K","0.87%"
"11/16/2021","1,855.40","1,867.00","1,880.10","1,852.40","0.65K","-0.67%"
"11/15/2021","1,868.00","1,870.10","1,873.10","1,860.00","0.24K","-0.09%"
"11/12/2021","1,869.70","1,865.90","1,872.20","1,849.80","0.24K","0.24%"
"11/11/2021","1,865.20","1,855.50","1,868.90","1,847.00","0.19K","0.85%"
"11/10/2021","1,849.50","1,827.80","1,869.80","1,827.80","0.23K","0.96%"
"11/09/2021","1,832.00","1,828.30","1,835.10","1,822.70","0.14K","0.15%"
"11/08/2021","1,829.20","1,818.50","1,829.20","1,815.50","0.12K","0.62%"
"11/05/2021","1,818.00","1,792.90","1,820.70","1,788.20","0.10K","1.30%"
"11/04/2021","1,794.70","1,773.00","1,800.70","1,773.00","0.03K","1.68%"
"11/03/2021","1,765.10","1,777.00","1,777.30","1,762.30","0.13K","-1.42%"
"11/02/2021","1,790.60","1,797.10","1,797.10","1,790.20","0.01K","-0.35%"
"11/01/2021","1,796.90","1,785.50","1,796.90","1,783.10","0.03K","0.67%"
"10/29/2021","1,784.90","1,789.30","1,789.30","1,776.90","0.02K","-1.04%"
"10/28/2021","1,803.60","1,799.90","1,814.60","1,795.20","12.55K","0.27%"
"10/27/2021","1,798.80","1,795.00","1,801.00","1,784.30","182.80K","0.30%"
"10/26/2021","1,793.40","1,808.70","1,809.80","1,783.00","197.93K","-0.74%"
"10/25/2021","1,806.80","1,794.20","1,811.50","1,793.00","153.59K","0.58%"
"10/22/2021","1,796.30","1,783.70","1,815.50","1,783.40","312.81K","0.81%"
"10/21/2021","1,781.90","1,782.50","1,790.30","1,776.80","138.73K","-0.17%"
"10/20/2021","1,784.90","1,769.40","1,789.60","1,767.10","174.08K","0.81%"
"10/19/2021","1,770.50","1,764.80","1,786.00","1,763.40","166.97K","0.27%"
"10/18/2021","1,765.70","1,767.50","1,772.50","1,760.30","152.74K","-0.15%"
"10/15/2021","1,768.30","1,797.30","1,797.70","1,765.10","202.63K","-1.65%"
"10/14/2021","1,797.90","1,793.60","1,801.90","1,787.60","164.65K","0.18%"
"10/13/2021","1,794.70","1,760.40","1,797.40","1,757.90","299.04K","2.01%"
"10/12/2021","1,759.30","1,753.60","1,770.00","1,750.50","168.11K","0.21%"
"10/11/2021","1,755.70","1,757.40","1,761.10","1,749.90","114.77K","-0.10%"
"10/08/2021","1,757.40","1,757.00","1,782.40","1,753.60","240.37K","-0.10%"
"10/07/2021","1,759.20","1,763.80","1,767.70","1,752.00","146.41K","-0.15%"
"10/06/2021","1,761.80","1,760.50","1,765.90","1,745.40","159.22K","0.05%"
"10/05/2021","1,760.90","1,770.80","1,771.10","1,748.60","151.42K","-0.38%"
"10/04/2021","1,767.60","1,762.60","1,771.50","1,747.70","166.18K","0.52%"
"10/01/2021","1,758.40","1,757.20","1,765.20","1,749.90","151.20K","0.08%"
"09/30/2021","1,757.00","1,726.00","1,765.00","1,721.80","246.37K","1.98%"
"09/29/2021","1,722.90","1,734.00","1,746.00","1,721.10","177.39K","-0.81%"
"09/28/2021","1,737.00","1,750.00","1,752.90","1,728.00","0.96K","-0.82%"
"09/27/2021","1,751.40","1,749.20","1,759.50","1,744.90","0.91K","0.03%"
"09/24/2021","1,750.90","1,744.90","1,756.10","1,740.00","0.54K","0.11%"
"09/23/2021","1,748.90","1,767.30","1,775.10","1,740.00","0.87K","-1.63%"
"09/22/2021","1,777.90","1,772.60","1,784.50","1,765.00","0.12K","0.03%"
"09/21/2021","1,777.30","1,764.00","1,780.70","1,757.80","0.59K","0.82%"
"09/20/2021","1,762.90","1,752.20","1,766.60","1,743.50","0.36K","0.71%"
"09/17/2021","1,750.50","1,755.30","1,765.60","1,748.00","0.46K","-0.30%"
"09/16/2021","1,755.70","1,795.40","1,795.40","1,744.70","0.09K","-2.12%"
"09/15/2021","1,793.70","1,804.10","1,804.10","1,792.00","0.01K","-0.69%"
"09/14/2021","1,806.10","1,789.50","1,808.00","1,781.00","0.03K","0.71%"
"09/13/2021","1,793.30","1,788.30","1,794.50","1,788.30","0.01K","0.13%"
"09/10/2021","1,791.00","1,804.20","1,804.20","1,788.30","0.01K","-0.44%"
"09/09/2021","1,798.90","1,794.10","1,796.90","1,788.30","0.03K","0.36%"
"09/08/2021","1,792.40","1,799.00","1,799.00","1,785.00","0.01K","-0.28%"
"09/07/2021","1,797.40","1,824.00","1,824.40","1,792.80","0.02K","-0.06%"
"09/06/2021","1,798.50","1,833.50","1,833.50","1,793.70","252.48K","-1.86%"
"09/03/2021","1,832.60","1,814.50","1,834.20","1,813.00","0.01K","1.23%"
"09/02/2021","1,810.40","1,811.00","1,811.00","1,808.40","0.02K","-0.25%"
"09/01/2021","1,814.90","1,817.10","1,817.40","1,809.70","0.04K","-0.11%"
"08/31/2021","1,816.90","1,812.20","1,821.90","1,803.40","170.39K","0.38%"
"08/30/2021","1,810.00","1,821.60","1,826.50","1,810.00","104.88K","-0.40%"
"08/27/2021","1,817.20","1,792.00","1,819.60","1,783.80","8.73K","1.35%"
"08/26/2021","1,793.00","1,790.50","1,798.10","1,779.20","4.49K","0.23%"
"08/25/2021","1,788.80","1,802.60","1,802.70","1,781.90","6.78K","-0.97%"
"08/24/2021","1,806.30","1,805.20","1,809.80","1,800.40","3.63K","0.13%"
"08/23/2021","1,804.00","1,780.10","1,806.70","1,775.90","6.79K","1.25%"
"08/20/2021","1,781.80","1,780.30","1,788.60","1,778.10","3.38K","0.05%"
"08/19/2021","1,780.90","1,787.40","1,792.20","1,772.40","3.63K","-0.08%"
"08/18/2021","1,782.30","1,785.90","1,793.10","1,777.00","3.86K","-0.19%"
"08/17/2021","1,785.70","1,786.80","1,795.00","1,779.90","6.03K","-0.11%"
"08/16/2021","1,787.60","1,779.50","1,789.00","1,769.80","4.52K","0.65%"
"08/13/2021","1,776.00","1,752.70","1,779.60","1,751.60","6.33K","1.50%"
"08/12/2021","1,749.80","1,750.60","1,757.20","1,740.60","2.72K","-0.08%"
"08/11/2021","1,751.20","1,728.10","1,754.40","1,724.30","5.91K","1.24%"
"08/10/2021","1,729.70","1,729.70","1,736.90","1,716.50","7.20K","0.31%"
"08/09/2021","1,724.40","1,763.00","1,763.00","1,676.40","16.04K","-2.08%"
"08/06/2021","1,761.10","1,804.00","1,804.40","1,757.30","17.61K","-2.52%"
"08/05/2021","1,806.60","1,812.20","1,815.60","1,797.30","8.98K","-0.31%"
"08/04/2021","1,812.20","1,810.80","1,833.40","1,806.10","9.27K","0.03%"
"08/03/2021","1,811.70","1,814.10","1,815.50","1,807.30","4.29K","-0.45%"
"08/02/2021","1,819.80","1,814.60","1,820.50","1,805.90","6.16K","0.29%"
"07/30/2021","1,814.50","1,830.30","1,832.80","1,810.60","7.47K","-1.02%"
"07/29/2021","1,833.20","1,808.20","1,834.70","1,808.20","16.73K","1.80%"
"07/28/2021","1,800.80","1,800.20","1,810.00","1,792.80","2.15K","-0.01%"
"07/27/2021","1,800.90","1,798.60","1,806.20","1,794.00","1.09K","0.03%"
"07/26/2021","1,800.40","1,803.40","1,812.50","1,797.50","0.63K","-0.14%"
"07/23/2021","1,802.90","1,808.30","1,811.00","1,790.20","0.58K","-0.20%"
"07/22/2021","1,806.50","1,805.30","1,809.50","1,794.00","0.71K","0.12%"
"07/21/2021","1,804.40","1,811.20","1,814.40","1,796.00","1.13K","-0.44%"
"07/20/2021","1,812.30","1,813.30","1,826.20","1,806.70","0.22K","0.12%"
"07/19/2021","1,810.20","1,813.60","1,817.90","1,796.00","0.47K","-0.31%"
"07/16/2021","1,815.90","1,831.50","1,832.40","1,812.00","0.27K","-0.77%"
"07/15/2021","1,829.90","1,828.60","1,834.50","1,822.00","0.18K","0.22%"
"07/14/2021","1,825.90","1,806.70","1,831.80","1,806.00","0.09K","0.83%"
"07/13/2021","1,810.80","1,807.60","1,817.60","1,801.10","0.15K","0.22%"
"07/12/2021","1,806.80","1,809.00","1,809.70","1,793.10","0.19K","-0.26%"
"07/09/2021","1,811.50","1,801.00","1,813.80","1,801.00","0.25K","0.58%"
"07/08/2021","1,801.10","1,804.80","1,819.90","1,796.80","0.26K","-0.11%"
"07/07/2021","1,803.00","1,797.10","1,808.90","1,797.10","0.15K","0.45%"
"07/06/2021","1,795.00","1,790.70","1,814.80","1,790.10","0.26K","0.04%"
"07/05/2021","1,794.20","1,787.50","1,815.70","1,784.70","276.60K","0.57%"
"07/02/2021","1,784.10","1,785.50","1,793.60","1,778.50","0.04K","0.37%"
"07/01/2021","1,777.60","1,777.50","1,782.80","1,769.10","0.11K","0.29%"
"06/30/2021","1,772.40","1,760.00","1,774.90","1,756.70","0.08K","0.45%"
"06/29/2021","1,764.50","1,780.50","1,780.60","1,752.50","1.35K","-0.91%"
"06/28/2021","1,780.70","1,782.00","1,786.10","1,770.40","160.79K","0.16%"
"06/25/2021","1,777.80","1,775.70","1,791.00","1,773.60","161.20K","0.06%"
"06/24/2021","1,776.70","1,778.20","1,788.60","1,772.70","152.23K","-0.38%"
"06/23/2021","1,783.40","1,779.10","1,795.60","1,773.10","179.27K","0.34%"
"06/22/2021","1,777.40","1,783.20","1,790.10","1,771.20","172.75K","-0.31%"
"06/21/2021","1,782.90","1,764.30","1,786.90","1,764.10","195.52K","0.79%"
"06/18/2021","1,769.00","1,773.90","1,797.90","1,761.20","264.61K","-0.33%"
"06/17/2021","1,774.80","1,812.30","1,826.40","1,767.90","385.89K","-4.65%"
"06/16/2021","1,861.40","1,861.00","1,866.00","1,804.40","234.10K","0.27%"
"06/15/2021","1,856.40","1,867.80","1,870.90","1,853.00","155.34K","-0.51%"
"06/14/2021","1,865.90","1,879.60","1,879.70","1,845.70","242.30K","-0.73%"
"06/11/2021","1,879.60","1,901.90","1,906.20","1,876.10","220.46K","-0.89%"
"06/10/2021","1,896.40","1,891.40","1,903.00","1,871.80","250.55K","0.05%"
"06/09/2021","1,895.50","1,894.40","1,901.70","1,889.30","147.33K","0.06%"
"06/08/2021","1,894.40","1,901.60","1,906.90","1,885.70","173.60K","-0.23%"
"06/07/2021","1,898.80","1,894.30","1,902.90","1,883.70","146.02K","0.36%"
"06/04/2021","1,892.00","1,872.70","1,899.00","1,855.60","228.83K","1.00%"
"06/03/2021","1,873.30","1,910.50","1,912.30","1,866.70","278.58K","-1.92%"
"06/02/2021","1,909.90","1,903.00","1,911.80","1,896.40","166.04K","0.26%"
"06/01/2021","1,905.00","1,906.80","1,919.20","1,894.50","290.65K","0.00%"
"05/31/2021","1,905.00","1,906.80","1,919.20","1,894.50","290.65K","-0.02%"
"05/28/2021","1,905.30","1,899.80","1,908.80","1,884.30","198.14K","0.36%"
"05/27/2021","1,898.50","1,899.30","1,906.50","1,890.80","211.79K","-0.20%"
"05/26/2021","1,902.30","1,900.50","1,914.00","1,891.90","2.01K","0.17%"
"05/25/2021","1,899.00","1,882.50","1,902.20","1,874.30","1.50K","0.72%"
"05/24/2021","1,885.50","1,884.30","1,888.70","1,876.80","0.84K","0.42%"
"05/21/2021","1,877.60","1,876.60","1,890.90","1,871.80","0.78K","-0.28%"
"05/20/2021","1,882.80","1,871.10","1,885.00","1,866.20","0.92K","0.03%"
"05/19/2021","1,882.30","1,872.20","1,891.90","1,853.90","1.01K","0.71%"
"05/18/2021","1,869.00","1,868.30","1,876.00","1,864.30","0.58K","0.03%"
"05/17/2021","1,868.50","1,843.00","1,869.70","1,843.00","0.39K","1.60%"
"05/14/2021","1,839.10","1,827.60","1,847.00","1,821.90","0.21K","0.77%"
"05/13/2021","1,825.00","1,818.20","1,829.60","1,814.70","0.14K","0.07%"
"05/12/2021","1,823.70","1,838.50","1,844.50","1,815.10","0.60K","-0.72%"
"05/11/2021","1,837.00","1,837.80","1,842.40","1,819.50","0.09K","-0.09%"
"05/10/2021","1,838.60","1,835.30","1,846.60","1,834.90","0.28K","0.34%"
"05/07/2021","1,832.40","1,816.20","1,844.30","1,815.80","0.49K","0.86%"
"05/06/2021","1,816.70","1,786.60","1,817.60","1,785.20","0.28K","1.76%"
"05/05/2021","1,785.30","1,779.90","1,788.00","1,775.50","0.11K","0.47%"
"05/04/2021","1,777.00","1,789.40","1,799.60","1,775.20","0.08K","-0.87%"
"05/03/2021","1,792.60","1,774.80","1,796.20","1,772.90","0.07K","1.36%"
"04/30/2021","1,768.60","1,770.70","1,772.20","1,767.20","0.04K","-0.05%"
"04/29/2021","1,769.40","1,784.20","1,791.50","1,756.80","8.69K","-0.25%"
"04/28/2021","1,773.90","1,776.40","1,782.70","1,761.80","198.58K","-0.28%"
"04/27/2021","1,778.80","1,781.10","1,785.90","1,773.90","147.95K","-0.07%"
"04/26/2021","1,780.10","1,776.10","1,783.10","1,768.20","143.36K","0.13%"
"04/23/2021","1,777.80","1,784.00","1,796.30","1,769.50","175.85K","-0.24%"
"04/22/2021","1,782.00","1,794.50","1,798.10","1,777.10","163.75K","-0.62%"
"04/21/2021","1,793.10","1,779.10","1,798.40","1,776.60","173.97K","0.83%"
"04/20/2021","1,778.40","1,770.50","1,780.80","1,763.50","169.04K","0.44%"
"04/19/2021","1,770.60","1,778.80","1,790.40","1,766.60","180.73K","-0.54%"
"04/16/2021","1,780.20","1,764.80","1,784.70","1,760.30","173.50K","0.76%"
"04/15/2021","1,766.80","1,736.60","1,770.60","1,734.40","198.14K","1.76%"
"04/14/2021","1,736.30","1,746.40","1,750.70","1,732.30","145.26K","-0.65%"
"04/13/2021","1,747.60","1,732.20","1,749.50","1,723.20","175.59K","0.86%"
"04/12/2021","1,732.70","1,744.50","1,746.20","1,727.00","125.36K","-0.69%"
"04/09/2021","1,744.80","1,756.50","1,758.20","1,730.80","171.40K","-0.76%"
"04/08/2021","1,758.20","1,738.60","1,759.40","1,733.60","144.57K","0.95%"
"04/07/2021","1,741.60","1,744.40","1,745.40","1,731.20","122.80K","-0.08%"
"04/06/2021","1,743.00","1,729.20","1,746.70","1,728.20","152.60K","0.82%"
"04/05/2021","1,728.80","1,730.00","1,734.40","1,721.60","101.75K","0.02%"
"04/01/2021","1,728.40","1,709.00","1,732.00","1,706.40","170.43K","0.75%"
"03/31/2021","1,715.60","1,685.90","1,716.30","1,677.30","210.77K","1.76%"
"03/30/2021","1,686.00","1,713.00","1,714.80","1,678.30","225.87K","-1.61%"
"03/29/2021","1,713.60","1,732.50","1,732.70","1,704.90","2.56K","-1.15%"
"03/26/2021","1,733.60","1,727.40","1,735.90","1,721.00","0.62K","0.42%"
"03/25/2021","1,726.30","1,735.00","1,745.10","1,724.00","0.92K","-0.47%"
"03/24/2021","1,734.40","1,727.60","1,738.50","1,724.60","0.27K","0.46%"
"03/23/2021","1,726.40","1,740.40","1,742.30","1,724.60","0.50K","-0.75%"
"03/22/2021","1,739.40","1,747.80","1,747.80","1,728.50","0.36K","-0.20%"
"03/19/2021","1,742.90","1,735.20","1,745.60","1,729.90","0.26K","0.53%"
"03/18/2021","1,733.70","1,745.50","1,752.60","1,719.80","0.25K","0.31%"
"03/17/2021","1,728.40","1,732.00","1,751.00","1,724.60","0.52K","-0.22%"
"03/16/2021","1,732.20","1,733.70","1,741.30","1,726.60","0.37K","0.09%"
"03/15/2021","1,730.60","1,729.30","1,733.60","1,723.10","0.22K","0.55%"
"03/12/2021","1,721.20","1,721.30","1,727.60","1,698.70","0.23K","-0.16%"
"03/11/2021","1,723.90","1,725.60","1,738.00","1,718.40","0.21K","0.03%"
"03/10/2021","1,723.30","1,714.30","1,725.30","1,710.00","0.19K","0.28%"
"03/09/2021","1,718.50","1,686.90","1,719.10","1,685.90","0.15K","2.32%"
"03/08/2021","1,679.60","1,703.90","1,712.90","1,677.20","0.16K","-1.22%"
"03/05/2021","1,700.30","1,689.20","1,704.50","1,686.00","0.10K","-0.12%"
"03/04/2021","1,702.40","1,709.50","1,720.80","1,692.00","0.08K","-0.87%"
"03/03/2021","1,717.30","1,732.40","1,732.40","1,705.00","0.09K","-1.03%"
"03/02/2021","1,735.10","1,720.20","1,737.30","1,707.70","0.06K","0.62%"
"03/01/2021","1,724.40","1,739.00","1,755.00","1,721.10","0.06K","-0.33%"
"02/26/2021","1,730.10","1,766.80","1,766.80","1,720.00","0.15K","-2.63%"
"02/25/2021","1,776.90","1,806.90","1,806.90","1,767.10","9.09K","-1.17%"
"02/24/2021","1,797.90","1,805.00","1,813.00","1,782.20","224.06K","-0.44%"
"02/23/2021","1,805.90","1,809.30","1,815.20","1,794.50","191.15K","-0.14%"
"02/22/2021","1,808.40","1,782.00","1,812.40","1,778.60","221.20K","1.74%"
"02/19/2021","1,777.40","1,774.60","1,790.90","1,759.00","251.78K","0.14%"
"02/18/2021","1,775.00","1,776.00","1,788.80","1,766.60","224.77K","0.12%"
"02/17/2021","1,772.80","1,793.10","1,794.20","1,767.90","257.34K","-1.46%"
"02/16/2021","1,799.00","1,826.00","1,827.10","1,788.10","355.92K","0.00%"
"02/15/2021","1,799.00","1,826.00","1,827.10","1,788.10","355.92K","-1.33%"
"02/12/2021","1,823.20","1,825.40","1,831.50","1,810.10","171.90K","-0.20%"
"02/11/2021","1,826.80","1,844.30","1,848.60","1,821.70","147.02K","-0.86%"
"02/10/2021","1,842.70","1,838.30","1,856.60","1,834.00","176.44K","0.28%"
"02/09/2021","1,837.50","1,832.40","1,849.50","1,830.30","154.39K","0.18%"
"02/08/2021","1,834.20","1,818.10","1,840.60","1,807.30","177.56K","1.17%"
"02/05/2021","1,813.00","1,794.30","1,816.00","1,792.20","205.76K","1.22%"
"02/04/2021","1,791.20","1,834.50","1,835.70","1,784.60","279.62K","-2.39%"
"02/03/2021","1,835.10","1,838.50","1,845.90","1,830.10","137.23K","0.09%"
"02/02/2021","1,833.40","1,863.60","1,866.30","1,830.40","236.00K","-1.64%"
"02/01/2021","1,863.90","1,865.00","1,876.00","1,851.70","242.05K","0.74%"
"01/29/2021","1,850.30","1,845.60","1,878.90","1,841.20","276.17K","0.49%"
"01/28/2021","1,841.20","1,847.20","1,867.00","1,835.60","277.59K","-0.30%"
"01/27/2021","1,846.80","1,851.20","1,852.30","1,831.00","1.93K","-0.32%"
"01/26/2021","1,852.80","1,856.00","1,862.10","1,849.00","0.81K","-0.22%"
"01/25/2021","1,856.90","1,856.40","1,868.40","1,848.00","0.99K","-0.05%"
"01/22/2021","1,857.90","1,871.20","1,872.20","1,837.90","1.06K","-0.51%"
"01/21/2021","1,867.50","1,873.00","1,876.60","1,859.90","0.73K","-0.05%"
"01/20/2021","1,868.50","1,841.70","1,873.00","1,835.40","0.62K","1.44%"
"01/19/2021","1,842.00","1,830.60","1,846.00","1,804.20","0.40K","0.10%"
"01/18/2021","1,840.20","1,828.80","1,845.00","1,800.80","331.59K","0.46%"
"01/15/2021","1,831.70","1,855.00","1,856.60","1,825.30","0.38K","-1.17%"
"01/14/2021","1,853.30","1,848.10","1,857.20","1,834.80","0.16K","-0.19%"
"01/13/2021","1,856.80","1,860.00","1,864.30","1,845.00","0.26K","0.58%"
"01/12/2021","1,846.10","1,849.30","1,865.40","1,839.70","0.20K","-0.36%"
"01/11/2021","1,852.70","1,851.20","1,854.60","1,822.00","0.15K","0.84%"
"01/08/2021","1,837.30","1,911.20","1,913.80","1,831.40","0.93K","-4.09%"
"01/07/2021","1,915.60","1,924.20","1,928.80","1,912.00","0.23K","0.27%"
"01/06/2021","1,910.40","1,957.40","1,961.40","1,905.50","0.48K","-2.37%"
"01/05/2021","1,956.70","1,945.50","1,957.30","1,943.50","0.17K","0.40%"
"01/04/2021","1,949.00","1,917.80","1,949.90","1,917.80","0.28K","2.72%"
"12/31/2020","1,897.30","1,899.80","1,899.80","1,899.00","0.00K","0.09%"
"12/30/2020","1,895.60","1,886.50","1,903.00","1,884.30","3.35K","0.67%"
"12/29/2020","1,882.90","1,878.00","1,891.30","1,875.60","149.27K","0.13%"
"12/28/2020","1,880.40","1,887.00","1,904.10","1,873.00","196.76K","-0.15%"
"12/24/2020","1,883.20","1,877.30","1,887.40","1,873.10","89.41K","0.27%"
"12/23/2020","1,878.10","1,865.60","1,883.70","1,860.90","162.54K","0.42%"
"12/22/2020","1,870.30","1,883.00","1,889.40","1,863.70","176.02K","-0.66%"
"12/21/2020","1,882.80","1,892.90","1,912.00","1,859.00","232.05K","-0.32%"
"12/18/2020","1,888.90","1,891.30","1,895.70","1,881.90","153.23K","-0.08%"
"12/17/2020","1,890.40","1,868.40","1,902.00","1,865.90","219.87K","1.68%"
"12/16/2020","1,859.10","1,857.70","1,870.00","1,848.20","199.68K","0.20%"
"12/15/2020","1,855.30","1,830.50","1,859.30","1,828.50","173.61K","1.27%"
"12/14/2020","1,832.10","1,845.00","1,845.60","1,820.00","168.49K","-0.62%"
"12/11/2020","1,843.60","1,840.00","1,851.80","1,826.80","153.80K","0.34%"
"12/10/2020","1,837.40","1,843.00","1,854.20","1,831.50","164.80K","-0.06%"
"12/09/2020","1,838.50","1,875.40","1,875.90","1,828.20","219.59K","-1.94%"
"12/08/2020","1,874.90","1,866.10","1,879.80","1,863.90","151.79K","0.48%"
"12/07/2020","1,866.00","1,841.10","1,873.00","1,824.80","209.04K","1.41%"
"12/04/2020","1,840.00","1,844.70","1,852.70","1,832.00","171.26K","-0.06%"
"12/03/2020","1,841.10","1,833.90","1,847.40","1,826.70","180.36K","0.60%"
"12/02/2020","1,830.20","1,819.10","1,835.70","1,810.50","185.32K","0.62%"
"12/01/2020","1,818.90","1,780.30","1,821.10","1,778.40","203.65K","2.13%"
"11/30/2020","1,780.90","1,790.80","1,793.30","1,767.20","242.73K","-0.40%"
"11/27/2020","1,788.10","1,812.10","1,822.60","1,776.50","282.35K","0.00%"
"11/26/2020","1,788.10","1,812.10","1,822.60","1,776.50","282.35K","-1.14%"
"11/25/2020","1,808.80","1,809.80","1,818.60","1,803.00","1.49K","0.04%"
"11/24/2020","1,808.10","1,839.00","1,840.20","1,801.10","1.28K","-1.81%"
"11/23/2020","1,841.50","1,872.90","1,877.50","1,832.00","0.71K","-1.82%"
"11/20/2020","1,875.70","1,862.90","1,881.50","1,862.90","0.17K","0.58%"
"11/19/2020","1,864.80","1,874.80","1,875.00","1,854.50","0.60K","-0.66%"
"11/18/2020","1,877.10","1,884.50","1,887.00","1,866.60","0.30K","-0.62%"
"11/17/2020","1,888.80","1,891.20","1,894.00","1,884.30","0.07K","-0.14%"
"11/16/2020","1,891.50","1,891.50","1,902.00","1,867.20","0.42K","0.04%"
"11/13/2020","1,890.70","1,881.50","1,898.40","1,881.00","0.11K","0.69%"
"11/12/2020","1,877.80","1,869.00","1,885.70","1,866.50","0.24K","0.62%"
"11/11/2020","1,866.20","1,880.50","1,884.70","1,860.00","0.54K","-0.80%"
"11/10/2020","1,881.20","1,865.20","1,890.40","1,865.20","0.20K","1.13%"
"11/09/2020","1,860.10","1,960.00","1,963.40","1,856.00","3.76K","-4.87%"
"11/06/2020","1,955.30","1,948.10","1,964.20","1,941.90","0.04K","0.26%"
"11/05/2020","1,950.20","1,909.80","1,950.40","1,909.80","0.05K","2.66%"
"11/04/2020","1,899.70","1,899.30","1,908.90","1,899.30","0.02K","-0.75%"
"11/03/2020","1,914.00","1,911.60","1,913.90","1,911.50","0.02K","0.97%"
"11/02/2020","1,895.70","1,891.00","1,891.00","1,891.00","0.00K","0.65%"
"10/30/2020","1,883.50","1,874.80","1,885.60","1,874.80","0.00K","0.64%"
"10/29/2020","1,871.60","1,884.10","1,892.00","1,866.70","7.49K","-0.40%"
"10/28/2020","1,879.20","1,909.80","1,912.60","1,869.10","297.09K","-1.71%"
"10/27/2020","1,911.90","1,904.40","1,913.80","1,898.70","153.30K","0.33%"
"10/26/2020","1,905.70","1,906.00","1,911.10","1,892.50","166.31K","0.03%"
"10/23/2020","1,905.20","1,906.50","1,917.30","1,895.20","172.96K","0.03%"
"10/22/2020","1,904.60","1,927.40","1,929.40","1,894.20","215.58K","-1.29%"
"10/21/2020","1,929.50","1,911.60","1,936.00","1,911.60","201.27K","0.74%"
"10/20/2020","1,915.40","1,906.40","1,917.60","1,896.60","163.91K","0.19%"
"10/19/2020","1,911.70","1,903.20","1,923.40","1,900.20","159.85K","0.28%"
"10/16/2020","1,906.40","1,912.70","1,918.70","1,901.10","146.91K","-0.13%"
"10/15/2020","1,908.90","1,906.00","1,913.20","1,892.70","213.57K","0.08%"
"10/14/2020","1,907.30","1,895.40","1,917.50","1,885.00","188.30K","0.67%"
"10/13/2020","1,894.60","1,927.30","1,930.60","1,889.30","267.54K","-1.78%"
"10/12/2020","1,928.90","1,935.00","1,939.40","1,923.80","157.21K","0.14%"
"10/09/2020","1,926.20","1,898.40","1,936.80","1,898.00","229.85K","1.64%"
"10/08/2020","1,895.10","1,890.60","1,905.30","1,885.30","185.45K","0.23%"
"10/07/2020","1,890.80","1,882.60","1,902.40","1,877.10","188.59K","-0.94%"
"10/06/2020","1,908.80","1,917.80","1,927.00","1,878.20","219.44K","-0.59%"
"10/05/2020","1,920.10","1,910.90","1,924.90","1,891.20","177.59K","0.66%"
"10/02/2020","1,907.60","1,911.00","1,923.60","1,895.20","212.73K","-0.45%"
"10/01/2020","1,916.30","1,891.20","1,917.90","1,890.00","262.09K","1.10%"
"09/30/2020","1,895.50","1,903.20","1,908.20","1,885.80","259.87K","-0.40%"
"09/29/2020","1,903.20","1,886.40","1,904.80","1,880.80","217.80K","1.36%"
"09/28/2020","1,877.60","1,860.40","1,882.60","1,848.00","0.88K","0.83%"
"09/25/2020","1,862.20","1,868.00","1,873.70","1,851.00","0.32K","-0.58%"
"09/24/2020","1,873.00","1,863.50","1,876.10","1,850.00","0.37K","0.46%"
"09/23/2020","1,864.50","1,898.00","1,904.70","1,855.00","0.25K","-2.04%"
"09/22/2020","1,903.40","1,916.20","1,920.10","1,896.80","0.30K","-0.15%"
"09/21/2020","1,906.20","1,954.80","1,956.30","1,887.20","0.21K","-2.62%"
"09/18/2020","1,957.50","1,948.20","1,961.80","1,948.20","0.03K","0.62%"
"09/17/2020","1,945.40","1,962.50","1,964.20","1,935.00","0.12K","-1.06%"
"09/16/2020","1,966.20","1,958.90","1,973.10","1,955.80","0.09K","0.22%"
"09/15/2020","1,961.90","1,968.00","1,975.00","1,955.20","0.07K","0.16%"
"09/14/2020","1,958.80","1,943.40","1,964.30","1,943.40","0.11K","0.80%"
"09/11/2020","1,943.30","1,948.20","1,954.30","1,943.70","0.01K","-0.84%"
"09/10/2020","1,959.70","1,951.30","1,966.80","1,946.60","0.08K","0.48%"
"09/09/2020","1,950.40","1,933.60","1,953.70","1,929.20","0.07K","0.56%"
"09/08/2020","1,939.50","1,937.40","1,937.40","1,909.00","0.04K","-0.19%"
"09/07/2020","1,943.20","1,938.00","1,948.30","1,911.70","416.01K","0.65%"
"09/04/2020","1,930.60","1,936.20","1,950.00","1,920.00","0.04K","-0.17%"
"09/03/2020","1,933.80","1,939.20","1,945.50","1,925.00","0.03K","-0.36%"
"09/02/2020","1,940.80","1,966.30","1,966.30","1,940.40","0.01K","-1.72%"
"09/01/2020","1,974.80","1,977.40","1,978.70","1,970.20","0.01K","0.02%"
"08/31/2020","1,974.50","1,977.70","1,977.70","1,977.70","0.00K","0.19%"
"08/28/2020","1,970.80","1,937.50","1,983.00","1,928.20","334.10K","2.38%"
"08/27/2020","1,925.00","1,955.50","1,978.50","1,907.40","17.61K","-0.98%"
"08/26/2020","1,944.10","1,930.50","1,955.50","1,901.40","18.33K","1.49%"
"08/25/2020","1,915.60","1,927.80","1,935.80","1,912.00","10.78K","-0.82%"
"08/24/2020","1,931.50","1,938.90","1,961.90","1,923.00","10.99K","-0.35%"
"08/21/2020","1,938.30","1,946.70","1,954.80","1,909.60","15.21K","0.00%"
"08/20/2020","1,938.30","1,927.50","1,955.70","1,922.60","16.99K","-1.28%"
"08/19/2020","1,963.50","2,002.60","2,007.00","1,923.70","19.96K","-2.06%"
"08/18/2020","2,004.80","1,984.90","2,016.60","1,977.10","16.07K","0.75%"
"08/17/2020","1,989.90","1,948.20","1,992.00","1,931.70","13.14K","2.45%"
"08/14/2020","1,942.30","1,954.50","1,961.50","1,932.00","10.24K","-1.00%"
"08/13/2020","1,961.90","1,918.10","1,966.30","1,914.90","11.69K","1.10%"
"08/12/2020","1,940.50","1,912.70","1,952.30","1,865.00","21.92K","0.08%"
"08/11/2020","1,938.90","2,029.00","2,031.00","1,903.20","32.06K","-4.50%"
"08/10/2020","2,030.30","2,034.50","2,050.90","2,018.90","12.56K","0.61%"
"08/07/2020","2,018.00","2,065.10","2,078.00","2,015.00","25.62K","-1.96%"
"08/06/2020","2,058.40","2,042.60","2,070.00","2,037.20","18.31K","1.05%"
"08/05/2020","2,037.10","2,024.70","2,057.50","2,015.50","24.46K","1.42%"
"08/04/2020","2,008.50","1,981.70","2,025.00","1,971.00","17.11K","1.71%"
"08/03/2020","1,974.70","1,985.20","1,997.00","1,963.50","11.86K","0.04%"
"07/31/2020","1,973.90","1,961.00","1,992.40","1,960.00","14.53K","0.96%"
"07/30/2020","1,955.20","1,974.30","1,976.00","1,941.70","21.32K","-0.21%"
"07/29/2020","1,959.40","1,956.00","1,980.60","1,940.30","5.75K","0.49%"
"07/28/2020","1,949.90","1,942.00","1,980.10","1,905.90","5.68K","0.71%"
"07/27/2020","1,936.20","1,905.00","1,946.30","1,903.60","1.87K","1.77%"
"07/24/2020","1,902.50","1,889.60","1,910.20","1,886.50","1.78K","0.41%"
"07/23/2020","1,894.80","1,877.50","1,903.60","1,868.20","1.31K","1.33%"
"07/22/2020","1,869.90","1,846.00","1,876.50","1,846.00","1.44K","1.15%"
"07/21/2020","1,848.70","1,823.60","1,849.40","1,822.50","0.54K","1.45%"
"07/20/2020","1,822.20","1,817.30","1,828.20","1,812.90","0.32K","0.34%"
"07/17/2020","1,816.00","1,803.10","1,818.10","1,803.00","0.10K","0.54%"
"07/16/2020","1,806.30","1,820.40","1,821.80","1,800.60","0.21K","-0.78%"
"07/15/2020","1,820.50","1,819.00","1,823.40","1,811.70","0.13K","0.04%"
"07/14/2020","1,819.80","1,811.50","1,820.50","1,800.20","0.11K","-0.05%"
"07/13/2020","1,820.80","1,810.60","1,825.60","1,810.60","0.11K","0.67%"
"07/10/2020","1,808.60","1,815.50","1,822.50","1,804.00","0.12K","-0.12%"
"07/09/2020","1,810.70","1,826.50","1,831.70","1,807.50","0.15K","-0.87%"
"07/08/2020","1,826.50","1,813.60","1,833.00","1,812.00","0.29K","0.59%"
"07/07/2020","1,815.80","1,801.90","1,815.90","1,787.60","0.15K","0.93%"
"07/06/2020","1,799.00","1,793.70","1,801.60","1,788.60","0.11K","0.31%"
"07/03/2020","1,793.50","1,787.90","1,799.00","1,779.20","184.65K","-0.13%"
"07/02/2020","1,795.80","1,780.00","1,797.50","1,773.10","0.03K","0.55%"
"07/01/2020","1,785.90","1,803.30","1,813.10","1,773.70","0.17K","-1.07%"
"06/30/2020","1,805.20","1,788.10","1,806.00","1,788.00","0.07K","1.08%"
"06/29/2020","1,785.90","1,798.10","1,799.10","1,786.10","1.37K","0.31%"
"06/26/2020","1,780.30","1,774.80","1,786.20","1,754.00","201.23K","0.55%"
"06/25/2020","1,770.60","1,772.30","1,779.60","1,764.10","152.20K","-0.25%"
"06/24/2020","1,775.10","1,784.40","1,796.10","1,770.60","239.53K","-0.39%"
"06/23/2020","1,782.00","1,764.90","1,786.80","1,758.30","194.68K","0.88%"
"06/22/2020","1,766.40","1,765.80","1,779.00","1,753.50","228.68K","0.76%"
"06/19/2020","1,753.00","1,729.80","1,760.90","1,728.30","181.15K","1.27%"
"06/18/2020","1,731.10","1,735.50","1,749.20","1,722.70","155.91K","-0.26%"
"06/17/2020","1,735.60","1,735.30","1,739.30","1,717.30","140.07K","-0.05%"
"06/16/2020","1,736.50","1,732.30","1,741.30","1,721.80","182.42K","0.54%"
"06/15/2020","1,727.20","1,740.70","1,743.80","1,706.20","200.23K","-0.58%"
"06/12/2020","1,737.30","1,733.60","1,753.00","1,728.20","151.40K","-0.14%"
"06/11/2020","1,739.80","1,746.60","1,754.90","1,727.50","205.35K","1.11%"
"06/10/2020","1,720.70","1,718.90","1,749.40","1,714.10","198.76K","-0.07%"
"06/09/2020","1,721.90","1,703.90","1,729.40","1,697.60","182.91K","0.99%"
"06/08/2020","1,705.10","1,686.70","1,707.60","1,680.70","154.77K","1.31%"
"06/05/2020","1,683.00","1,720.80","1,723.20","1,671.70","273.68K","-2.57%"
"06/04/2020","1,727.40","1,702.80","1,729.00","1,698.90","198.72K","1.33%"
"06/03/2020","1,704.80","1,733.70","1,738.90","1,690.30","256.52K","-1.68%"
"06/02/2020","1,734.00","1,750.30","1,757.00","1,728.00","175.35K","-0.93%"
"06/01/2020","1,750.30","1,749.80","1,761.00","1,737.60","146.13K","-0.08%"
"05/29/2020","1,751.70","1,732.70","1,754.50","1,725.30","150.11K","1.35%"
"05/28/2020","1,728.30","1,725.00","1,743.70","1,720.00","164.82K","0.54%"
"05/27/2020","1,719.10","1,717.20","1,721.70","1,693.10","3.06K","0.10%"
"05/26/2020","1,717.30","1,739.80","1,745.60","1,711.30","3.44K","0.69%"
"05/25/2020","1,705.60","1,734.80","1,737.20","1,700.00","313.17K","-2.22%"
"05/22/2020","1,744.30","1,732.20","1,748.90","1,731.10","0.46K","0.87%"
"05/21/2020","1,729.20","1,757.40","1,757.40","1,723.40","0.56K","-1.68%"
"05/20/2020","1,758.70","1,756.20","1,763.00","1,751.60","0.20K","0.41%"
"05/19/2020","1,751.60","1,742.90","1,756.20","1,733.50","0.27K","0.69%"
"05/18/2020","1,739.60","1,766.90","1,780.00","1,737.20","0.41K","-1.24%"
"05/15/2020","1,761.50","1,748.20","1,765.30","1,743.50","0.18K","0.88%"
"05/14/2020","1,746.10","1,728.40","1,749.00","1,724.30","0.07K","1.42%"
"05/13/2020","1,721.60","1,710.00","1,728.40","1,707.00","0.08K","0.48%"
"05/12/2020","1,713.40","1,706.20","1,721.20","1,704.50","0.05K","0.52%"
"05/11/2020","1,704.60","1,714.20","1,717.20","1,700.20","0.37K","-0.86%"
"05/08/2020","1,719.30","1,735.80","1,738.60","1,712.60","0.12K","-0.62%"
"05/07/2020","1,730.00","1,698.40","1,736.60","1,698.40","0.17K","2.20%"
"05/06/2020","1,692.70","1,717.20","1,717.60","1,691.00","0.06K","-1.30%"
"05/05/2020","1,715.00","1,708.30","1,717.60","1,703.80","0.07K","-0.13%"
"05/04/2020","1,717.20","1,710.90","1,725.80","1,710.90","0.07K","0.75%"
"05/01/2020","1,704.40","1,697.10","1,713.50","1,682.70","0.10K","0.43%"
"04/30/2020","1,697.10","1,737.70","1,737.90","1,695.00","0.04K","-1.12%"
"04/29/2020","1,716.30","1,730.50","1,739.20","1,714.00","5.11K","-0.34%"
"04/28/2020","1,722.20","1,724.40","1,731.90","1,704.10","171.34K","-0.09%"
"04/27/2020","1,723.80","1,745.00","1,745.80","1,720.00","146.64K","-0.68%"
"04/24/2020","1,735.60","1,753.00","1,760.20","1,725.40","180.24K","-0.56%"
"04/23/2020","1,745.40","1,736.50","1,764.20","1,730.60","201.88K","0.41%"
"04/22/2020","1,738.30","1,703.10","1,742.40","1,695.40","193.73K","2.99%"
"04/21/2020","1,687.80","1,713.30","1,718.00","1,666.20","248.63K","-1.37%"
"04/20/2020","1,711.20","1,693.00","1,718.40","1,685.00","186.91K","0.73%"
"04/17/2020","1,698.80","1,738.50","1,738.80","1,691.20","227.07K","-1.90%"
"04/16/2020","1,731.70","1,743.50","1,768.00","1,722.60","204.23K","-0.49%"
"04/15/2020","1,740.20","1,758.10","1,759.80","1,731.60","186.70K","-1.62%"
"04/14/2020","1,768.90","1,761.50","1,788.80","1,747.10","241.19K","0.43%"
"04/13/2020","1,761.40","1,742.30","1,772.80","1,724.20","166.89K","0.49%"
"04/09/2020","1,752.80","1,680.50","1,754.50","1,676.50","218.80K","4.07%"
"04/08/2020","1,684.30","1,678.70","1,695.80","1,670.70","125.33K","0.04%"
"04/07/2020","1,683.70","1,707.10","1,742.60","1,672.00","204.50K","-0.60%"
"04/06/2020","1,693.90","1,647.70","1,715.80","1,638.20","192.75K","2.93%"
"04/03/2020","1,645.70","1,635.30","1,652.80","1,624.40","139.61K","0.49%"
"04/02/2020","1,637.70","1,602.40","1,645.60","1,595.20","167.71K","2.91%"
"04/01/2020","1,591.40","1,589.40","1,612.40","1,576.00","164.48K","-0.33%"
"03/31/2020","1,596.60","1,643.40","1,645.60","1,588.20","176.55K","-2.84%"
"03/30/2020","1,643.20","1,663.40","1,673.60","1,632.00","157.37K","0.12%"
"03/27/2020","1,641.30","1,649.90","1,653.10","1,629.60","3.03K","-0.89%"
"03/26/2020","1,656.00","1,638.80","1,674.50","1,613.60","1.58K","1.19%"
"03/25/2020","1,636.60","1,680.00","1,696.30","1,613.00","1.10K","-1.65%"
"03/24/2020","1,664.00","1,564.60","1,692.70","1,564.60","2.64K","5.97%"
"03/23/2020","1,570.20","1,509.40","1,572.20","1,488.00","1.30K","5.63%"
"03/20/2020","1,486.50","1,476.10","1,520.70","1,458.00","1.22K","0.35%"
"03/19/2020","1,481.30","1,476.90","1,501.20","1,468.10","0.49K","0.13%"
"03/18/2020","1,479.40","1,546.10","1,546.20","1,475.00","0.59K","-3.13%"
"03/17/2020","1,527.20","1,502.50","1,554.80","1,470.00","0.45K","2.66%"
"03/16/2020","1,487.60","1,573.60","1,573.80","1,453.60","1.11K","-2.02%"
"03/13/2020","1,518.20","1,576.90","1,597.60","1,511.40","0.90K","-4.64%"
"03/12/2020","1,592.10","1,643.00","1,650.00","1,563.40","1.13K","-3.16%"
"03/11/2020","1,644.10","1,651.70","1,672.80","1,635.80","0.24K","-1.08%"
"03/10/2020","1,662.00","1,670.70","1,672.40","1,648.00","0.68K","-0.92%"
"03/09/2020","1,677.40","1,691.00","1,704.30","1,663.60","0.45K","0.19%"
"03/06/2020","1,674.30","1,674.20","1,692.30","1,648.50","0.41K","0.26%"
"03/05/2020","1,670.00","1,642.70","1,677.00","1,639.80","0.19K","1.51%"
"03/04/2020","1,645.20","1,646.50","1,652.40","1,635.50","0.21K","-0.09%"
"03/03/2020","1,646.60","1,596.20","1,651.40","1,596.20","0.14K","3.10%"
"03/02/2020","1,597.10","1,593.80","1,611.00","1,580.00","0.05K","1.77%"
"02/28/2020","1,569.30","1,626.10","1,630.90","1,569.10","0.03K","-4.62%"
"02/27/2020","1,645.30","1,649.90","1,668.20","1,642.40","22.88K","0.13%"
"02/26/2020","1,643.10","1,637.30","1,657.10","1,626.60","531.90K","-0.42%"
"02/25/2020","1,650.00","1,661.80","1,666.70","1,627.00","672.76K","-1.59%"
"02/24/2020","1,676.60","1,656.00","1,691.70","1,652.80","680.82K","1.69%"
"02/21/2020","1,648.80","1,623.60","1,652.10","1,621.60","489.19K","1.75%"
"02/20/2020","1,620.50","1,615.00","1,626.50","1,606.60","403.04K","0.54%"
"02/19/2020","1,611.80","1,604.80","1,615.90","1,602.40","307.89K","0.51%"
"02/18/2020","1,603.60","1,585.10","1,608.20","1,581.80","414.24K","0.00%"
"02/17/2020","1,603.60","1,585.10","1,608.20","1,581.80","414.24K","1.08%"
"02/14/2020","1,586.40","1,579.00","1,588.20","1,576.00","227.11K","0.48%"
"02/13/2020","1,578.80","1,569.80","1,581.70","1,568.50","276.25K","0.46%"
"02/12/2020","1,571.60","1,571.20","1,573.60","1,564.40","189.55K","0.10%"
"02/11/2020","1,570.10","1,575.50","1,577.50","1,565.20","231.83K","-0.60%"
"02/10/2020","1,579.50","1,575.80","1,580.50","1,571.50","191.75K","0.39%"
"02/07/2020","1,573.40","1,570.70","1,577.80","1,563.50","286.42K","0.22%"
"02/06/2020","1,570.00","1,560.00","1,571.90","1,556.00","229.00K","0.46%"
"02/05/2020","1,562.80","1,556.10","1,566.20","1,551.10","306.05K","0.47%"
"02/04/2020","1,555.50","1,581.50","1,584.50","1,552.80","349.00K","-1.70%"
"02/03/2020","1,582.40","1,597.80","1,598.50","1,573.20","320.60K","-0.35%"
"01/31/2020","1,587.90","1,578.40","1,595.50","1,575.00","343.37K","-0.08%"
"01/30/2020","1,589.20","1,582.40","1,590.70","1,576.80","382.60K","1.00%"
"01/29/2020","1,573.50","1,569.00","1,580.70","1,565.00","4.02K","0.04%"
"01/28/2020","1,572.80","1,583.90","1,585.10","1,567.80","2.31K","-0.49%"
"01/27/2020","1,580.60","1,580.90","1,591.50","1,579.00","2.94K","0.34%"
"01/24/2020","1,575.20","1,566.00","1,578.50","1,560.00","1.97K","0.41%"
"01/23/2020","1,568.80","1,561.80","1,570.50","1,555.30","2.33K","0.56%"
"01/22/2020","1,560.00","1,560.90","1,562.20","1,553.30","1.01K","-0.05%"
"01/21/2020","1,560.80","1,567.00","1,571.40","1,549.20","2.22K","0.19%"
"01/20/2020","1,557.90","1,557.30","1,568.80","1,546.00","462.62K","-0.36%"
"01/17/2020","1,563.60","1,555.70","1,564.50","1,555.70","0.47K","0.64%"
"01/16/2020","1,553.70","1,559.90","1,561.00","1,551.30","0.28K","-0.22%"
"01/15/2020","1,557.20","1,550.30","1,561.60","1,550.30","0.81K","0.59%"
"01/14/2020","1,548.00","1,552.10","1,552.10","1,539.60","1.79K","-0.37%"
"01/13/2020","1,553.70","1,563.70","1,564.90","1,550.00","1.00K","-0.63%"
"01/10/2020","1,563.60","1,558.20","1,567.00","1,550.10","0.98K","0.37%"
"01/09/2020","1,557.80","1,560.10","1,565.20","1,546.40","1.12K","-0.38%"
"01/08/2020","1,563.80","1,580.60","1,615.70","1,558.00","1.98K","-0.87%"
"01/07/2020","1,577.60","1,570.20","1,581.40","1,560.20","0.63K","0.36%"
"01/06/2020","1,572.00","1,559.10","1,590.40","1,559.10","0.38K","1.06%"
"01/03/2020","1,555.50","1,535.20","1,558.30","1,535.20","0.27K","1.57%"
"01/02/2020","1,531.40","1,526.00","1,535.70","1,524.30","0.09K","0.32%"
"12/31/2019","1,526.50","1,525.10","1,529.60","1,524.80","0.03K","0.32%"
"12/30/2019","1,521.60","1,521.90","1,525.00","1,519.60","6.88K","0.23%"
"12/27/2019","1,518.10","1,516.50","1,519.90","1,512.10","204.99K","0.24%"
"12/26/2019","1,514.40","1,503.90","1,517.40","1,502.10","216.61K","0.64%"
"12/24/2019","1,504.80","1,489.80","1,505.00","1,488.10","183.68K","1.08%"
"12/23/2019","1,488.70","1,482.40","1,490.10","1,481.20","162.45K","0.53%"
"12/20/2019","1,480.90","1,482.70","1,484.80","1,479.50","140.77K","-0.24%"
"12/19/2019","1,484.40","1,479.40","1,485.80","1,477.10","201.19K","0.39%"
"12/18/2019","1,478.70","1,480.40","1,483.60","1,474.30","197.97K","-0.13%"
"12/17/2019","1,480.60","1,480.60","1,484.90","1,478.40","173.25K","0.01%"
"12/16/2019","1,480.50","1,480.00","1,484.50","1,477.40","165.85K","-0.05%"
"12/13/2019","1,481.20","1,470.80","1,482.50","1,465.50","356.68K","0.60%"
"12/12/2019","1,472.30","1,479.20","1,491.60","1,468.20","409.86K","-0.18%"
"12/11/2019","1,475.00","1,468.50","1,483.50","1,466.90","251.73K","0.47%"
"12/10/2019","1,468.10","1,466.30","1,473.70","1,464.20","228.83K","0.22%"
"12/09/2019","1,464.90","1,464.10","1,469.80","1,463.00","177.22K","-0.01%"
"12/06/2019","1,465.10","1,481.00","1,485.30","1,463.30","317.32K","-1.21%"
"12/05/2019","1,483.10","1,480.00","1,485.70","1,478.00","240.01K","0.20%"
"12/04/2019","1,480.20","1,483.20","1,489.90","1,476.70","319.73K","-0.28%"
"12/03/2019","1,484.40","1,468.00","1,487.70","1,465.40","400.90K","1.03%"
"12/02/2019","1,469.20","1,470.30","1,471.70","1,459.80","316.58K","-0.24%"
"11/29/2019","1,472.70","1,461.20","1,472.90","1,459.10","272.34K","0.00%"
"11/28/2019","1,472.70","1,461.20","1,472.90","1,459.10","272.34K","0.81%"
"11/27/2019","1,460.80","1,468.30","1,469.10","1,459.10","232.12K","-0.25%"
"11/26/2019","1,464.40","1,458.80","1,466.80","1,454.10","2.65K","0.27%"
"11/25/2019","1,460.50","1,464.10","1,465.10","1,457.90","0.82K","-0.46%"
"11/22/2019","1,467.30","1,468.90","1,476.20","1,465.00","0.71K","0.01%"
"11/21/2019","1,467.10","1,478.70","1,479.00","1,466.30","1.46K","-0.70%"
"11/20/2019","1,477.50","1,476.70","1,482.30","1,469.90","1.20K","-0.02%"
"11/19/2019","1,477.80","1,476.40","1,478.70","1,468.80","0.52K","0.16%"
"11/18/2019","1,475.40","1,472.80","1,477.40","1,462.00","0.49K","0.23%"
"11/15/2019","1,472.00","1,478.50","1,478.50","1,467.40","0.42K","-0.33%"
"11/14/2019","1,476.90","1,468.00","1,477.80","1,467.50","0.39K","0.69%"
"11/13/2019","1,466.80","1,461.30","1,471.00","1,461.30","0.13K","0.66%"
"11/12/2019","1,457.20","1,461.00","1,463.40","1,450.00","0.16K","-0.23%"
"11/11/2019","1,460.60","1,463.40","1,470.00","1,453.10","0.14K","-0.40%"
"11/08/2019","1,466.40","1,470.30","1,475.50","1,461.50","0.13K","-0.24%"
"11/07/2019","1,469.90","1,496.40","1,496.40","1,467.80","0.21K","-1.80%"
"11/06/2019","1,496.80","1,489.70","1,497.00","1,489.50","0.14K","0.62%"
"11/05/2019","1,487.60","1,512.70","1,512.70","1,485.00","0.41K","-1.79%"
"11/04/2019","1,514.70","1,518.30","1,519.40","1,512.90","0.16K","-0.01%"
"11/01/2019","1,514.90","1,518.80","1,521.10","1,513.00","0.01K","-0.22%"
"10/31/2019","1,518.30","1,505.80","1,518.00","1,505.80","0.01K","1.21%"
"10/30/2019","1,500.20","1,496.90","1,506.00","1,490.30","28.48K","0.64%"
"10/29/2019","1,490.70","1,494.30","1,497.10","1,485.60","291.98K","-0.34%"
"10/28/2019","1,495.80","1,507.40","1,510.80","1,492.30","318.13K","-0.63%"
"10/25/2019","1,505.30","1,506.40","1,520.90","1,503.10","368.74K","0.04%"
"10/24/2019","1,504.70","1,495.10","1,506.90","1,490.40","305.01K","0.60%"
"10/23/2019","1,495.70","1,491.10","1,499.40","1,490.70","244.62K","0.55%"
"10/22/2019","1,487.50","1,487.50","1,492.10","1,484.00","208.97K","-0.04%"
"10/21/2019","1,488.10","1,495.60","1,498.70","1,484.80","284.29K","-0.40%"
"10/18/2019","1,494.10","1,495.60","1,497.90","1,488.30","232.55K","-0.28%"
"10/17/2019","1,498.30","1,494.20","1,501.10","1,487.00","305.67K","0.29%"
"10/16/2019","1,494.00","1,484.80","1,495.50","1,480.60","367.90K","0.71%"
"10/15/2019","1,483.50","1,497.70","1,503.00","1,480.80","317.99K","-0.94%"
"10/14/2019","1,497.60","1,492.00","1,501.50","1,487.10","228.32K","0.60%"
"10/11/2019","1,488.70","1,498.30","1,508.00","1,478.00","485.96K","-0.81%"
"10/10/2019","1,500.90","1,510.80","1,522.30","1,495.70","417.88K","-0.79%"
"10/09/2019","1,512.80","1,510.90","1,518.00","1,505.10","285.28K","0.59%"
"10/08/2019","1,503.90","1,498.70","1,515.30","1,492.10","371.44K","-0.03%"
"10/07/2019","1,504.40","1,518.60","1,518.80","1,493.30","257.78K","-0.56%"
"10/04/2019","1,512.90","1,511.60","1,522.20","1,501.40","344.79K","-0.06%"
"10/03/2019","1,513.80","1,505.60","1,525.80","1,501.70","408.74K","0.39%"
"10/02/2019","1,507.90","1,485.40","1,511.40","1,480.50","393.10K","1.27%"
"10/01/2019","1,489.00","1,478.00","1,493.50","1,465.00","450.17K","1.09%"
"09/30/2019","1,472.90","1,501.70","1,507.20","1,470.50","439.71K","-2.22%"
"09/27/2019","1,506.40","1,511.80","1,514.40","1,493.30","451.93K","-0.35%"
"09/26/2019","1,511.70","1,506.00","1,515.50","1,505.00","0.88K","0.19%"
"09/25/2019","1,508.90","1,535.40","1,538.90","1,504.50","1.05K","-1.80%"
"09/24/2019","1,536.60","1,525.40","1,538.90","1,520.00","0.69K","0.58%"
"09/23/2019","1,527.80","1,520.00","1,530.30","1,515.90","0.42K","1.04%"
"09/20/2019","1,512.00","1,508.80","1,520.40","1,504.40","0.07K","0.57%"
"09/19/2019","1,503.40","1,496.30","1,507.30","1,496.00","0.04K","-0.63%"
"09/18/2019","1,513.00","1,506.20","1,515.50","1,489.80","0.05K","0.15%"
"09/17/2019","1,510.80","1,503.60","1,511.60","1,500.70","0.09K","0.14%"
"09/16/2019","1,508.70","1,508.40","1,516.70","1,501.00","0.11K","0.80%"
"09/13/2019","1,496.80","1,503.30","1,511.00","1,494.10","0.08K","-0.53%"
"09/12/2019","1,504.80","1,495.10","1,526.70","1,495.10","0.31K","0.29%"
"09/11/2019","1,500.50","1,493.50","1,502.90","1,493.50","0.04K","0.27%"
"09/10/2019","1,496.40","1,498.80","1,503.00","1,491.90","0.14K","-0.78%"
"09/09/2019","1,508.10","1,517.00","1,517.00","1,503.30","0.06K","-0.28%"
"09/06/2019","1,512.40","1,519.10","1,531.00","1,508.10","0.02K","-0.66%"
"09/05/2019","1,522.50","1,548.60","1,554.90","1,517.80","0.03K","-2.23%"
"09/04/2019","1,557.20","1,548.00","1,561.90","1,548.00","0.01K","0.28%"
"09/03/2019","1,552.80","1,531.90","1,532.90","1,525.30","0.00K","-0.20%"
"09/02/2019","1,555.90","1,535.20","1,558.90","1,528.00","554.83K","1.95%"
"08/30/2019","1,526.20","1,536.90","1,541.90","1,525.60","330.85K","-0.49%"
"08/29/2019","1,533.70","1,549.40","1,559.80","1,528.60","455.60K","-0.59%"
"08/28/2019","1,542.80","1,545.60","1,550.20","1,535.60","17.19K","-0.18%"